outlet_id,outlet,month,articles,first_date,last_date
1,Le Monde,2024-07,1207,2024-07-18 02:00:00,2024-07-31 20:00:08
1,Le Monde,2024-08,2431,2024-08-01 02:00:00,2024-08-31 18:59:49
1,Le Monde,2024-09,3057,2024-09-01 02:00:00,2024-09-30 19:14:13
1,Le Monde,2024-10,3157,2024-10-01 02:00:00,2024-10-31 19:23:58
1,Le Monde,2024-11,3209,2024-11-01 00:00:13,2024-11-30 16:08:37
1,Le Monde,2024-12,2700,2024-12-01 00:00:09,2024-12-31 19:00:10
1,Le Monde,2025-01,3140,2025-01-01 00:00:00,2025-01-31 20:54:11
1,Le Monde,2025-02,2783,2025-02-01 01:00:00,2025-02-28 23:05:40
1,Le Monde,2025-03,3286,2025-03-01 01:00:00,2025-03-31 18:00:09
1,Le Monde,2025-04,2976,2025-04-01 00:00:03,2025-04-30 19:00:00
1,Le Monde,2025-05,3190,2025-05-01 01:07:36,2025-05-31 20:26:01
1,Le Monde,2025-06,3188,2025-06-01 01:25:47,2025-06-30 23:19:22
1,Le Monde,2025-07,2787,2025-07-01 00:00:44,2025-07-31 20:49:16
1,Le Monde,2025-08,1983,2025-08-01 03:00:16,2025-08-31 23:00:00
1,Le Monde,2025-09,2799,2025-09-01 06:00:00,2025-09-30 23:06:00
1,Le Monde,2025-10,3076,2025-10-01 03:59:54,2025-10-31 23:53:06
1,Le Monde,2025-11,2821,2025-11-01 00:46:01,2025-11-30 23:30:08
1,Le Monde,2025-12,3067,2025-12-01 00:27:52,2025-12-31 23:56:10
1,Le Monde,2026-01,1258,2026-01-01 00:25:56,2026-01-31 21:52:04
1,Le Monde,2026-02,1054,2026-02-01 13:00:06,2026-02-28 21:04:49
1,Le Monde,2026-03,1113,2026-03-01 09:41:46,2026-03-31 21:57:16
1,Le Monde,2026-04,1134,2026-04-01 13:57:05,2026-04-30 20:21:48
1,Le Monde,2026-05,1148,2026-05-01 11:36:08,2026-05-31 21:18:19
1,Le Monde,2026-06,1783,2026-06-01 15:00:14,2026-06-24 23:14:38
2,Le Point,2024-07,710,2024-07-18 04:00:00,2024-07-31 21:56:00
2,Le Point,2024-08,1452,2024-08-01 01:02:00,2024-08-31 23:00:00
2,Le Point,2024-09,1591,2024-09-01 04:30:00,2024-09-30 19:16:00
2,Le Point,2024-10,1616,2024-10-01 04:00:00,2024-10-31 19:02:00
2,Le Point,2024-11,1686,2024-11-01 05:00:00,2024-11-30 22:55:00
2,Le Point,2024-12,1502,2024-12-01 05:00:00,2024-12-31 19:14:00
2,Le Point,2025-01,1544,2025-01-01 05:00:00,2025-01-31 23:58:00
2,Le Point,2025-02,1432,2025-02-01 06:00:00,2025-02-28 23:03:00
2,Le Point,2025-03,1683,2025-03-01 05:00:00,2025-03-31 22:13:00
2,Le Point,2025-04,1605,2025-04-01 03:30:00,2025-04-30 18:30:00
2,Le Point,2025-05,1486,2025-05-01 00:39:00,2025-05-31 22:40:00
2,Le Point,2025-06,1539,2025-06-01 04:00:00,2025-06-30 22:00:00
2,Le Point,2025-07,480,2025-07-01 04:30:00,2025-07-30 17:05:00
2,Le Point,2025-08,746,2025-08-01 16:18:00,2025-08-31 21:56:00
2,Le Point,2025-09,1568,2025-09-01 04:30:00,2025-09-30 20:30:00
2,Le Point,2025-10,1431,2025-10-01 00:26:00,2025-10-31 22:27:00
2,Le Point,2025-11,1284,2025-11-01 04:00:00,2025-11-30 23:04:00
2,Le Point,2025-12,1310,2025-12-01 05:00:00,2025-12-31 21:22:21
2,Le Point,2026-01,1253,2026-01-01 06:00:00,2026-01-31 22:18:46
2,Le Point,2026-02,1020,2026-02-01 05:30:00,2026-02-28 22:14:04
2,Le Point,2026-03,746,2026-03-01 07:00:00,2026-03-31 20:58:12
2,Le Point,2026-04,666,2026-04-01 04:29:33,2026-04-30 18:18:45
2,Le Point,2026-05,722,2026-05-01 01:33:41,2026-05-31 16:44:48
2,Le Point,2026-06,733,2026-06-01 04:36:42,2026-06-24 17:00:00
3,Le Figaro,2024-07,3221,2024-07-18 03:06:50,2024-07-31 23:03:00
3,Le Figaro,2024-08,6177,2024-08-01 00:24:00,2024-08-31 21:57:00
3,Le Figaro,2024-09,6983,2024-09-01 04:27:00,2024-09-30 22:45:46
3,Le Figaro,2024-10,7266,2024-10-01 03:31:55,2024-10-31 21:56:34
3,Le Figaro,2024-11,5628,2024-11-01 05:00:00,2024-11-30 23:01:17
3,Le Figaro,2024-12,6597,2024-12-01 00:01:00,2024-12-31 23:03:18
3,Le Figaro,2025-01,7647,2025-01-01 05:00:00,2025-01-31 23:47:49
3,Le Figaro,2025-02,6937,2025-02-01 00:23:51,2025-02-28 23:45:00
3,Le Figaro,2025-03,7469,2025-03-01 00:27:06,2025-03-31 23:45:09
3,Le Figaro,2025-04,7321,2025-04-01 00:17:00,2025-04-30 22:18:16
3,Le Figaro,2025-05,7924,2025-05-01 00:18:00,2025-05-31 23:04:21
3,Le Figaro,2025-06,7888,2025-06-01 00:28:00,2025-06-30 22:50:48
3,Le Figaro,2025-07,7419,2025-07-01 02:56:33,2025-07-31 21:56:45
3,Le Figaro,2025-08,6243,2025-08-01 00:05:00,2025-08-31 23:55:06
3,Le Figaro,2025-09,8264,2025-09-01 01:24:00,2025-09-30 23:29:32
3,Le Figaro,2025-10,8772,2025-10-01 01:06:17,2025-10-31 22:50:00
3,Le Figaro,2025-11,7522,2025-11-01 05:00:00,2025-11-30 23:58:11
3,Le Figaro,2025-12,7358,2025-12-01 01:20:50,2025-12-31 22:05:12
3,Le Figaro,2026-01,8053,2026-01-01 03:00:00,2026-01-31 22:47:32
3,Le Figaro,2026-02,7670,2026-02-01 00:36:09,2026-02-28 23:46:50
3,Le Figaro,2026-03,7579,2026-03-01 01:02:07,2026-03-31 23:55:47
3,Le Figaro,2026-04,7470,2026-04-01 00:04:32,2026-04-30 22:12:24
3,Le Figaro,2026-05,7293,2026-05-01 00:03:18,2026-05-31 23:43:26
3,Le Figaro,2026-06,4637,2026-06-01 01:03:57,2026-06-24 07:42:29
4,Mediapart,2024-07,165,2024-07-18 05:52:09,2024-07-31 18:01:07
4,Mediapart,2024-08,288,2024-08-01 05:04:51,2024-08-31 18:52:12
4,Mediapart,2024-09,357,2024-09-01 08:38:14,2024-09-30 17:37:09
4,Mediapart,2024-10,401,2024-10-01 05:50:06,2024-10-31 20:04:48
4,Mediapart,2024-11,378,2024-11-01 09:29:35,2024-11-30 19:26:04
4,Mediapart,2024-12,355,2024-12-01 10:54:24,2024-12-31 19:52:43
4,Mediapart,2025-01,357,2025-01-01 10:39:22,2025-01-31 19:01:10
4,Mediapart,2025-02,374,2025-02-01 09:26:27,2025-02-28 18:17:46
4,Mediapart,2025-03,414,2025-03-01 08:41:44,2025-03-31 18:28:02
4,Mediapart,2025-04,367,2025-04-01 05:24:09,2025-04-30 17:29:54
4,Mediapart,2025-05,365,2025-05-01 07:29:15,2025-05-31 16:09:31
4,Mediapart,2025-06,402,2025-06-01 05:26:59,2025-06-30 19:42:05
4,Mediapart,2025-07,365,2025-07-01 06:11:27,2025-07-31 16:28:28
4,Mediapart,2025-08,321,2025-08-01 05:57:00,2025-08-31 17:49:31
4,Mediapart,2025-09,374,2025-09-01 07:33:48,2025-09-30 17:45:54
4,Mediapart,2025-10,403,2025-10-01 05:47:25,2025-10-31 20:38:08
4,Mediapart,2025-11,389,2025-11-01 09:38:02,2025-11-30 17:52:34
4,Mediapart,2025-12,369,2025-12-01 08:28:55,2025-12-31 20:00:40
4,Mediapart,2026-01,398,2026-01-01 09:40:34,2026-01-31 18:02:41
4,Mediapart,2026-02,393,2026-02-01 08:45:24,2026-02-28 18:55:28
4,Mediapart,2026-03,445,2026-03-01 07:09:51,2026-03-31 18:19:11
4,Mediapart,2026-04,385,2026-04-01 05:02:57,2026-04-30 19:40:08
4,Mediapart,2026-05,373,2026-05-01 06:26:36,2026-05-31 17:01:15
4,Mediapart,2026-06,1445,2026-06-01 04:58:15,2026-06-24 23:45:12
5,JDD,2024-07,384,2024-07-18 04:00:08,2024-07-31 21:12:25
5,JDD,2024-08,724,2024-08-01 04:59:10,2024-08-31 20:30:42
5,JDD,2024-09,867,2024-09-01 05:05:09,2024-09-30 21:22:24
5,JDD,2024-10,975,2024-10-01 05:45:10,2024-10-31 22:00:51
5,JDD,2024-11,922,2024-11-01 06:52:35,2024-11-30 22:00:06
5,JDD,2024-12,1005,2024-12-01 05:00:16,2024-12-31 21:35:25
5,JDD,2025-01,929,2025-01-01 06:00:04,2025-01-31 21:20:45
5,JDD,2025-02,928,2025-02-01 05:39:49,2025-02-28 21:50:19
5,JDD,2025-03,957,2025-03-01 05:19:16,2025-03-31 20:33:16
5,JDD,2025-04,920,2025-04-01 04:32:03,2025-04-30 20:20:45
5,JDD,2025-05,956,2025-05-01 03:46:04,2025-05-31 22:09:24
5,JDD,2025-06,937,2025-06-01 03:45:22,2025-06-30 18:12:01
5,JDD,2025-07,847,2025-07-01 03:33:07,2025-07-31 16:30:09
5,JDD,2025-08,674,2025-08-01 03:38:08,2025-08-31 18:00:31
5,JDD,2025-09,911,2025-09-01 06:45:09,2025-09-30 21:06:32
5,JDD,2025-10,1048,2025-10-01 03:35:07,2025-10-31 23:06:08
5,JDD,2025-11,977,2025-11-01 08:47:34,2025-11-30 17:50:12
5,JDD,2025-12,895,2025-12-01 04:32:07,2025-12-31 19:52:54
5,JDD,2026-01,824,2026-01-01 05:35:07,2026-01-31 21:15:11
5,JDD,2026-02,793,2026-02-01 00:53:29,2026-02-28 23:30:04
5,JDD,2026-03,403,2026-03-01 04:00:04,2026-03-27 08:31:03
5,JDD,2026-04,722,2026-04-01 03:39:03,2026-04-30 20:46:53
5,JDD,2026-05,425,2026-05-01 04:45:04,2026-05-31 09:38:29
5,JDD,2026-06,645,2026-06-01 03:28:04,2026-06-24 20:41:42
6,L'Humanité,2024-07,556,2024-07-18 04:21:00,2024-07-31 20:57:35
6,L'Humanité,2024-08,725,2024-08-01 04:27:00,2024-08-31 20:41:27
6,L'Humanité,2024-09,1116,2024-09-01 11:30:58,2024-09-30 20:20:12
6,L'Humanité,2024-10,1074,2024-10-01 04:00:00,2024-10-31 17:50:12
6,L'Humanité,2024-11,1091,2024-11-01 05:42:00,2024-11-30 19:40:54
6,L'Humanité,2024-12,1172,2024-12-01 08:00:00,2024-12-31 20:58:26
6,L'Humanité,2025-01,1126,2025-01-01 08:53:09,2025-01-31 23:15:25
6,L'Humanité,2025-02,948,2025-02-01 09:21:00,2025-02-28 19:41:51
6,L'Humanité,2025-03,1202,2025-03-01 02:05:15,2025-03-31 21:15:25
6,L'Humanité,2025-04,1016,2025-04-01 04:30:00,2025-04-30 18:28:16
6,L'Humanité,2025-05,1037,2025-05-01 04:30:00,2025-05-31 21:06:38
6,L'Humanité,2025-06,1221,2025-06-01 10:01:00,2025-06-30 19:33:57
6,L'Humanité,2025-07,1100,2025-07-01 05:00:00,2025-07-31 17:21:24
6,L'Humanité,2025-08,780,2025-08-01 06:52:20,2025-08-31 22:01:00
6,L'Humanité,2025-09,1400,2025-09-01 06:21:36,2025-09-30 17:58:19
6,L'Humanité,2025-10,1570,2025-10-01 04:30:00,2025-10-31 18:26:05
6,L'Humanité,2025-11,1096,2025-11-01 07:00:00,2025-11-30 18:35:10
6,L'Humanité,2025-12,1005,2025-12-01 05:30:00,2025-12-31 19:55:47
6,L'Humanité,2026-01,1190,2026-01-01 10:01:00,2026-01-31 11:10:00
6,L'Humanité,2026-02,1056,2026-02-01 04:40:07,2026-02-28 15:24:39
6,L'Humanité,2026-03,961,2026-03-01 08:11:14,2026-03-31 18:39:16
6,L'Humanité,2026-04,947,2026-04-01 04:30:00,2026-04-30 15:54:33
6,L'Humanité,2026-05,922,2026-05-01 04:00:00,2026-05-31 18:26:18
6,L'Humanité,2026-06,1110,2026-06-01 06:07:56,2026-06-24 22:01:00
9,L'Express,2024-07,252,2024-07-18 03:45:00,2024-07-31 17:39:30
9,L'Express,2024-08,537,2024-08-01 06:30:00,2024-08-31 15:54:38
9,L'Express,2024-09,685,2024-09-01 06:00:01,2024-09-30 17:30:01
9,L'Express,2024-10,683,2024-10-01 00:00:00,2024-10-31 18:53:32
9,L'Express,2024-11,731,2024-11-01 00:00:00,2024-11-30 19:07:40
9,L'Express,2024-12,622,2024-12-01 00:00:00,2024-12-31 19:29:25
9,L'Express,2025-01,660,2025-01-01 00:00:00,2025-01-31 18:37:35
9,L'Express,2025-02,617,2025-02-01 00:00:00,2025-02-28 21:50:56
9,L'Express,2025-03,676,2025-03-01 00:00:00,2025-03-31 20:40:07
9,L'Express,2025-04,651,2025-04-01 00:00:00,2025-04-30 19:46:05
9,L'Express,2025-05,702,2025-05-01 00:00:00,2025-05-31 17:14:07
9,L'Express,2025-06,715,2025-06-01 00:00:00,2025-06-30 20:47:49
9,L'Express,2025-07,1164,2025-07-01 00:00:00,2025-07-31 20:00:35
9,L'Express,2025-08,1324,2025-08-01 01:46:04,2025-08-31 23:13:40
9,L'Express,2025-09,1603,2025-09-01 01:50:02,2025-09-30 19:42:15
9,L'Express,2025-10,1722,2025-10-01 01:46:14,2025-10-31 23:55:58
9,L'Express,2025-11,1548,2025-11-01 02:50:13,2025-11-30 22:19:24
9,L'Express,2025-12,1546,2025-12-01 00:00:36,2025-12-31 19:38:15
9,L'Express,2026-01,487,2026-01-01 06:45:00,2026-01-31 18:47:27
9,L'Express,2026-02,493,2026-02-01 06:45:00,2026-02-28 21:35:19
9,L'Express,2026-03,579,2026-03-01 06:45:00,2026-03-31 17:30:44
9,L'Express,2026-04,582,2026-04-01 03:45:00,2026-04-30 18:00:00
9,L'Express,2026-05,569,2026-05-01 05:45:00,2026-05-31 17:00:00
9,L'Express,2026-06,536,2026-06-01 03:45:00,2026-06-24 16:00:00
10,Les Echos,2024-07,1055,2024-07-18 04:31:22,2024-07-31 18:12:27
10,Les Echos,2024-08,1795,2024-08-01 04:00:45,2024-08-31 16:00:02
10,Les Echos,2024-09,2723,2024-09-01 06:30:48,2024-09-30 19:00:08
10,Les Echos,2024-10,2976,2024-10-01 04:00:07,2024-10-31 18:47:51
10,Les Echos,2024-11,2827,2024-11-01 00:13:54,2024-11-30 16:47:22
10,Les Echos,2024-12,2573,2024-12-01 07:30:08,2024-12-31 19:58:08
10,Les Echos,2025-01,2868,2025-01-01 06:20:08,2025-01-31 19:40:13
10,Les Echos,2025-02,2712,2025-02-01 07:18:17,2025-02-28 21:31:09
10,Les Echos,2025-03,2832,2025-03-01 07:00:11,2025-03-31 19:04:48
10,Les Echos,2025-04,2662,2025-04-01 04:15:08,2025-04-30 17:30:32
10,Les Echos,2025-05,1091,2025-05-01 05:45:07,2025-05-31 16:23:03
10,Les Echos,2025-06,2579,2025-06-01 05:49:22,2025-06-30 20:38:18
10,Les Echos,2025-07,2621,2025-07-01 04:00:07,2025-07-31 21:11:02
10,Les Echos,2025-08,1921,2025-08-01 04:00:12,2025-08-31 20:39:12
10,Les Echos,2025-09,2927,2025-09-01 04:00:13,2025-09-30 20:58:21
10,Les Echos,2025-10,3054,2025-10-01 04:00:09,2025-10-31 22:40:56
10,Les Echos,2025-11,2814,2025-11-01 06:30:08,2025-11-30 17:43:38
10,Les Echos,2025-12,2658,2025-12-01 05:00:17,2025-12-31 20:00:15
10,Les Echos,2026-01,2761,2026-01-01 05:30:08,2026-01-31 19:55:00
10,Les Echos,2026-02,2733,2026-02-01 06:00:09,2026-02-28 18:24:59
10,Les Echos,2026-03,1800,2026-03-01 05:26:58,2026-03-31 20:27:37
10,Les Echos,2026-04,1260,2026-04-01 04:00:08,2026-04-30 20:25:25
10,Les Echos,2026-05,1866,2026-05-01 05:00:07,2026-05-31 20:46:54
10,Les Echos,2026-06,2042,2026-06-01 03:58:09,2026-06-24 18:00:51
11,Causeur,2024-07,76,2024-07-18 04:58:00,2024-07-31 18:59:00
11,Causeur,2024-08,133,2024-08-01 06:00:00,2024-08-31 16:00:00
11,Causeur,2024-09,185,2024-09-01 06:00:00,2024-09-30 22:00:00
11,Causeur,2024-10,191,2024-10-01 02:59:00,2024-10-31 18:59:00
11,Causeur,2024-11,189,2024-11-01 05:59:00,2024-11-30 16:00:24
11,Causeur,2024-12,187,2024-12-01 06:00:00,2024-12-31 10:59:00
11,Causeur,2025-01,193,2025-01-01 05:59:00,2025-01-31 13:59:00
11,Causeur,2025-02,201,2025-02-01 05:59:00,2025-02-28 19:00:00
11,Causeur,2025-03,217,2025-03-01 03:59:00,2025-03-31 13:59:00
11,Causeur,2025-04,196,2025-04-01 05:00:00,2025-04-30 10:59:00
11,Causeur,2025-05,196,2025-05-01 04:59:00,2025-05-31 10:59:00
11,Causeur,2025-06,207,2025-06-01 06:00:00,2025-06-30 16:00:00
11,Causeur,2025-07,166,2025-07-01 05:59:00,2025-07-31 15:00:00
11,Causeur,2025-08,142,2025-08-01 05:55:09,2025-08-31 15:59:00
11,Causeur,2025-09,202,2025-09-01 05:59:00,2025-09-30 11:01:00
11,Causeur,2025-10,202,2025-10-01 02:59:00,2025-10-31 15:59:00
11,Causeur,2025-11,205,2025-11-01 02:00:00,2025-11-30 10:59:00
11,Causeur,2025-12,185,2025-12-01 05:59:00,2025-12-31 19:59:00
11,Causeur,2026-01,200,2026-01-01 05:59:00,2026-01-31 14:00:00
11,Causeur,2026-02,183,2026-02-01 05:59:00,2026-02-28 19:01:00
11,Causeur,2026-03,222,2026-03-01 04:59:00,2026-03-31 14:01:19
11,Causeur,2026-04,203,2026-04-01 00:59:00,2026-04-30 15:59:00
11,Causeur,2026-05,178,2026-05-01 10:59:00,2026-05-31 16:00:00
11,Causeur,2026-06,161,2026-06-01 00:59:00,2026-06-24 14:59:00
12,CNEWS,2024-07,993,2024-07-18 04:01:01,2024-07-31 22:37:08
12,CNEWS,2024-08,1910,2024-08-01 04:20:02,2024-08-31 21:23:24
12,CNEWS,2024-09,2209,2024-09-01 04:00:03,2024-09-30 21:34:22
12,CNEWS,2024-10,2401,2024-10-01 04:03:08,2024-10-31 22:17:47
12,CNEWS,2024-11,2259,2024-11-01 05:05:36,2024-11-30 22:19:58
12,CNEWS,2024-12,2332,2024-12-01 05:06:04,2024-12-31 22:03:11
12,CNEWS,2025-01,2375,2025-01-01 05:05:01,2025-01-31 22:28:53
12,CNEWS,2025-02,2188,2025-02-01 05:00:02,2025-02-28 23:41:51
12,CNEWS,2025-03,2218,2025-03-01 00:39:33,2025-03-31 20:52:40
12,CNEWS,2025-04,2145,2025-04-01 04:07:39,2025-04-30 21:24:07
12,CNEWS,2025-05,2150,2025-05-01 04:00:04,2025-05-31 22:34:00
12,CNEWS,2025-06,1826,2025-06-01 04:15:02,2025-06-30 20:11:00
12,CNEWS,2025-07,2164,2025-07-01 04:01:02,2025-07-31 21:21:37
12,CNEWS,2025-08,2003,2025-08-01 04:04:21,2025-08-31 21:34:18
12,CNEWS,2025-09,2095,2025-09-01 04:06:32,2025-09-30 21:23:32
12,CNEWS,2025-10,2170,2025-10-01 03:48:43,2025-10-31 22:22:47
12,CNEWS,2025-11,2158,2025-11-01 05:05:18,2025-11-30 23:12:05
12,CNEWS,2025-12,2202,2025-12-01 05:04:31,2025-12-31 21:56:56
12,CNEWS,2026-01,2279,2026-01-01 05:05:43,2026-01-31 22:07:31
12,CNEWS,2026-02,2051,2026-02-01 05:02:01,2026-02-28 22:04:22
12,CNEWS,2026-03,1180,2026-03-01 05:01:06,2026-03-31 20:12:41
12,CNEWS,2026-04,593,2026-04-01 04:00:03,2026-04-30 14:19:30
12,CNEWS,2026-05,1049,2026-05-01 10:19:05,2026-05-31 21:20:19
12,CNEWS,2026-06,1617,2026-06-01 04:03:27,2026-06-24 23:18:38
14,La Croix,2024-07,1156,2024-07-18 01:50:02,2024-07-31 23:04:24
14,La Croix,2024-08,2320,2024-08-01 00:00:00,2024-08-31 23:18:51
14,La Croix,2024-09,2718,2024-09-01 00:26:17,2024-09-30 22:37:45
14,La Croix,2024-10,3044,2024-10-01 00:36:01,2024-10-31 22:58:37
14,La Croix,2024-11,3081,2024-11-01 00:29:34,2024-11-30 23:01:16
14,La Croix,2024-12,2958,2024-12-01 00:06:56,2024-12-31 23:38:07
14,La Croix,2025-01,3067,2025-01-01 00:22:31,2025-01-31 22:19:04
14,La Croix,2025-02,2712,2025-02-01 00:00:00,2025-02-28 22:29:35
14,La Croix,2025-03,2936,2025-03-01 01:13:51,2025-03-31 20:10:21
14,La Croix,2025-04,1939,2025-04-01 00:18:51,2025-04-30 21:19:41
14,La Croix,2025-05,2053,2025-05-01 01:50:12,2025-05-31 22:23:52
14,La Croix,2025-06,1882,2025-06-01 01:50:02,2025-06-30 22:05:02
14,La Croix,2025-07,1920,2025-07-01 00:00:00,2025-07-31 17:58:05
14,La Croix,2025-08,1543,2025-08-01 03:25:02,2025-08-31 23:13:40
14,La Croix,2025-09,1836,2025-09-01 01:50:02,2025-09-30 23:53:01
14,La Croix,2025-10,1917,2025-10-01 01:46:14,2025-10-31 21:21:28
14,La Croix,2025-11,1829,2025-11-01 02:50:13,2025-11-30 22:39:40
14,La Croix,2025-12,1876,2025-12-01 01:47:53,2025-12-31 22:15:58
14,La Croix,2026-01,1699,2026-01-01 00:46:26,2026-01-31 22:35:30
14,La Croix,2026-02,1581,2026-02-01 04:00:10,2026-02-28 22:10:24
14,La Croix,2026-03,1756,2026-03-01 02:50:06,2026-03-31 21:47:34
14,La Croix,2026-04,1562,2026-04-01 01:50:00,2026-04-30 21:40:07
14,La Croix,2026-05,1530,2026-05-01 01:50:06,2026-05-31 17:42:21
14,La Croix,2026-06,1186,2026-06-01 01:50:07,2026-06-24 19:28:20
15,RFI,2024-07,617,2024-07-18 00:00:00,2024-07-31 21:48:17
15,RFI,2024-08,1395,2024-08-01 00:00:00,2024-08-31 21:30:10
15,RFI,2024-09,1408,2024-09-01 01:48:52,2024-09-30 21:34:16
15,RFI,2024-10,1331,2024-10-01 00:00:00,2024-10-31 22:41:12
15,RFI,2024-11,1373,2024-11-01 00:00:00,2024-11-30 22:57:05
15,RFI,2024-12,1320,2024-12-01 03:47:58,2024-12-31 20:12:19
15,RFI,2025-01,1387,2025-01-01 00:27:46,2025-01-31 22:40:00
15,RFI,2025-02,1242,2025-02-01 00:34:13,2025-02-28 22:34:19
15,RFI,2025-03,1360,2025-03-01 00:08:05,2025-03-31 18:18:29
15,RFI,2025-04,1285,2025-04-01 05:26:14,2025-04-30 21:10:20
15,RFI,2025-05,1395,2025-05-01 00:17:15,2025-05-31 20:50:20
15,RFI,2025-06,1191,2025-06-01 00:16:50,2025-06-30 16:32:33
15,RFI,2025-07,1367,2025-07-01 04:23:39,2025-07-31 21:23:42
15,RFI,2025-08,1362,2025-08-01 02:37:28,2025-08-31 21:20:45
15,RFI,2025-09,1353,2025-09-01 01:01:20,2025-09-30 21:22:35
15,RFI,2025-10,1337,2025-10-01 03:12:51,2025-10-31 22:37:35
15,RFI,2025-11,1278,2025-11-01 00:47:46,2025-11-30 22:49:20
15,RFI,2025-12,1356,2025-12-01 00:40:42,2025-12-31 21:23:30
15,RFI,2026-01,358,2026-01-01 00:29:22,2026-01-31 07:52:28
15,RFI,2026-02,335,2026-02-01 04:12:46,2026-02-28 05:59:36
15,RFI,2026-03,374,2026-03-01 03:51:38,2026-03-31 10:58:58
15,RFI,2026-04,448,2026-04-01 01:09:07,2026-04-30 11:30:25
15,RFI,2026-05,256,2026-05-01 03:03:42,2026-05-10 10:28:48
15,RFI,2026-06,284,2026-06-01 00:35:14,2026-06-10 10:21:10
16,Slate.fr,2024-07,109,2024-07-18 04:25:00,2024-07-31 19:55:03
16,Slate.fr,2024-08,233,2024-08-01 04:25:01,2024-08-31 16:00:06
16,Slate.fr,2024-09,228,2024-09-01 09:00:00,2024-09-30 18:55:02
16,Slate.fr,2024-10,271,2024-10-01 04:55:04,2024-10-31 19:55:01
16,Slate.fr,2024-11,233,2024-11-01 08:00:01,2024-11-30 17:00:00
16,Slate.fr,2024-12,233,2024-12-01 10:00:00,2024-12-31 19:55:04
16,Slate.fr,2025-01,215,2025-01-01 07:41:00,2025-01-31 19:55:00
16,Slate.fr,2025-02,190,2025-02-01 07:55:03,2025-02-28 19:55:00
16,Slate.fr,2025-03,197,2025-03-01 07:30:03,2025-03-31 18:55:05
16,Slate.fr,2025-04,186,2025-04-01 04:55:00,2025-04-30 17:55:03
16,Slate.fr,2025-05,184,2025-05-01 04:55:02,2025-05-31 15:00:05
16,Slate.fr,2025-06,199,2025-06-01 05:50:03,2025-06-30 19:55:01
16,Slate.fr,2025-07,207,2025-07-01 04:55:04,2025-07-31 19:55:06
16,Slate.fr,2025-08,186,2025-08-01 04:55:04,2025-08-31 15:00:01
16,Slate.fr,2025-09,202,2025-09-01 04:55:00,2025-09-30 19:55:04
16,Slate.fr,2025-10,214,2025-10-01 04:55:05,2025-10-31 20:55:02
16,Slate.fr,2025-11,185,2025-11-01 05:55:05,2025-11-30 16:00:02
16,Slate.fr,2025-12,203,2025-12-01 06:00:03,2025-12-31 19:55:01
16,Slate.fr,2026-01,197,2026-01-01 06:00:01,2026-01-31 16:00:04
16,Slate.fr,2026-02,181,2026-02-01 06:55:00,2026-02-28 10:55:04
16,Slate.fr,2026-03,206,2026-03-01 06:55:00,2026-03-31 19:55:05
16,Slate.fr,2026-04,184,2026-04-01 04:55:01,2026-04-30 18:55:02
16,Slate.fr,2026-05,188,2026-05-01 04:55:00,2026-05-31 15:00:05
16,Slate.fr,2026-06,160,2026-06-01 05:00:05,2026-06-24 19:55:01
17,Ouest-France,2024-07,2770,2024-07-18 01:13:14,2024-07-31 22:36:53
17,Ouest-France,2024-08,6143,2024-08-01 02:10:01,2024-08-31 23:46:17
17,Ouest-France,2024-09,5946,2024-09-01 03:00:05,2024-09-30 23:03:09
17,Ouest-France,2024-10,6145,2024-10-01 02:00:26,2024-10-31 23:51:32
17,Ouest-France,2024-11,5769,2024-11-01 00:02:59,2024-11-30 23:50:10
17,Ouest-France,2024-12,6126,2024-12-01 00:00:21,2024-12-31 23:21:56
17,Ouest-France,2025-01,6145,2025-01-01 00:01:44,2025-01-31 23:53:05
17,Ouest-France,2025-02,5554,2025-02-01 00:58:05,2025-02-28 23:47:09
17,Ouest-France,2025-03,6149,2025-03-01 00:27:57,2025-03-31 23:05:17
17,Ouest-France,2025-04,5964,2025-04-01 00:00:15,2025-04-30 23:57:27
17,Ouest-France,2025-05,6169,2025-05-01 00:27:17,2025-05-31 23:58:38
17,Ouest-France,2025-06,5963,2025-06-01 00:44:51,2025-06-30 23:26:16
17,Ouest-France,2025-07,6159,2025-07-01 03:00:11,2025-07-31 23:45:16
17,Ouest-France,2025-08,6125,2025-08-01 00:41:57,2025-08-31 22:27:03
17,Ouest-France,2025-09,5979,2025-09-01 02:39:48,2025-09-30 23:53:33
17,Ouest-France,2025-10,6686,2025-10-01 00:13:20,2025-10-31 23:59:23
17,Ouest-France,2025-11,5950,2025-11-01 00:30:50,2025-11-30 23:21:09
17,Ouest-France,2025-12,6109,2025-12-01 00:41:40,2025-12-31 23:38:34
17,Ouest-France,2026-01,6134,2026-01-01 00:06:26,2026-01-31 23:55:36
17,Ouest-France,2026-02,5546,2026-02-01 00:09:47,2026-02-28 23:59:25
17,Ouest-France,2026-03,5911,2026-03-01 00:00:09,2026-03-31 23:51:32
17,Ouest-France,2026-04,5953,2026-04-01 01:31:23,2026-04-30 23:17:50
17,Ouest-France,2026-05,6093,2026-05-01 00:30:50,2026-05-31 23:01:29
17,Ouest-France,2026-06,4895,2026-06-01 00:16:29,2026-06-24 23:13:10
18,20 Minutes,2024-07,1098,2024-07-18 01:51:01,2024-07-31 23:49:50
18,20 Minutes,2024-08,1819,2024-08-01 00:54:45,2024-08-31 22:25:05
18,20 Minutes,2024-09,1998,2024-09-01 00:05:44,2024-09-30 22:55:19
18,20 Minutes,2024-10,2216,2024-10-01 00:01:46,2024-10-31 23:44:27
18,20 Minutes,2024-11,1973,2024-11-01 00:32:48,2024-11-30 22:42:37
18,20 Minutes,2024-12,1785,2024-12-01 02:36:49,2024-12-31 23:16:11
18,20 Minutes,2025-01,3163,2025-01-01 00:10:37,2025-01-31 23:14:41
18,20 Minutes,2025-02,2947,2025-02-01 00:16:58,2025-02-28 23:25:40
18,20 Minutes,2025-03,3219,2025-03-01 00:32:27,2025-03-31 22:56:10
18,20 Minutes,2025-04,3156,2025-04-01 00:11:46,2025-04-30 22:46:42
18,20 Minutes,2025-05,3221,2025-05-01 00:22:30,2025-05-31 23:42:42
18,20 Minutes,2025-06,3030,2025-06-01 00:21:37,2025-06-30 23:36:50
18,20 Minutes,2025-07,2942,2025-07-01 00:10:47,2025-07-31 23:47:35
18,20 Minutes,2025-08,2688,2025-08-01 00:05:47,2025-08-31 22:53:58
18,20 Minutes,2025-09,3721,2025-09-01 01:11:02,2025-09-30 23:33:39
18,20 Minutes,2025-10,4095,2025-10-01 00:04:46,2025-10-31 23:35:37
18,20 Minutes,2025-11,3724,2025-11-01 00:09:12,2025-11-30 21:32:37
18,20 Minutes,2025-12,3166,2025-12-01 00:37:48,2025-12-31 21:57:39
18,20 Minutes,2026-01,3117,2026-01-01 00:10:21,2026-01-31 22:21:23
18,20 Minutes,2026-02,2991,2026-02-01 01:40:14,2026-02-28 21:33:23
18,20 Minutes,2026-03,2775,2026-03-01 05:16:11,2026-03-31 23:52:08
18,20 Minutes,2026-04,2888,2026-04-01 00:07:37,2026-04-30 23:59:39
18,20 Minutes,2026-05,2930,2026-05-01 04:32:36,2026-05-31 22:47:28
18,20 Minutes,2026-06,2915,2026-06-01 01:18:01,2026-06-24 20:39:40
19,Le Parisien,2024-07,3153,2024-07-18 03:45:00,2024-07-31 21:59:56
19,Le Parisien,2024-08,5865,2024-08-01 02:15:00,2024-08-31 23:21:43
19,Le Parisien,2024-09,5823,2024-09-01 03:19:00,2024-09-30 22:12:00
19,Le Parisien,2024-10,5910,2024-10-01 02:25:00,2024-10-31 22:56:00
19,Le Parisien,2024-11,6078,2024-11-01 04:10:00,2024-11-30 23:26:26
19,Le Parisien,2024-12,5336,2024-12-01 01:53:00,2024-12-31 23:07:26
19,Le Parisien,2025-01,6286,2025-01-01 03:11:00,2025-01-31 23:07:30
19,Le Parisien,2025-02,5630,2025-02-01 00:10:00,2025-02-28 23:50:18
19,Le Parisien,2025-03,6142,2025-03-01 00:02:00,2025-03-31 22:11:00
19,Le Parisien,2025-04,5738,2025-04-01 03:51:00,2025-04-30 23:43:00
19,Le Parisien,2025-05,5986,2025-05-01 03:00:00,2025-05-31 23:52:30
19,Le Parisien,2025-06,5916,2025-06-01 00:02:14,2025-06-30 22:37:02
19,Le Parisien,2025-07,6418,2025-07-01 03:00:00,2025-07-31 21:49:54
19,Le Parisien,2025-08,4719,2025-08-01 03:00:00,2025-08-31 22:32:46
19,Le Parisien,2025-09,5413,2025-09-01 03:00:00,2025-09-30 22:02:10
19,Le Parisien,2025-10,5816,2025-10-01 02:23:00,2025-10-31 22:51:54
19,Le Parisien,2025-11,5883,2025-11-01 04:00:00,2025-11-30 22:39:42
19,Le Parisien,2025-12,5724,2025-12-01 00:22:00,2025-12-31 22:39:00
19,Le Parisien,2026-01,5298,2026-01-01 04:10:00,2026-01-31 22:41:41
19,Le Parisien,2026-02,5809,2026-02-01 04:00:00,2026-02-28 22:45:00
19,Le Parisien,2026-03,5864,2026-03-01 04:00:00,2026-03-31 21:46:23
19,Le Parisien,2026-04,4936,2026-04-01 02:03:00,2026-04-30 21:59:00
19,Le Parisien,2026-05,5361,2026-05-01 02:12:00,2026-05-31 21:53:02
19,Le Parisien,2026-06,4878,2026-06-01 01:52:49,2026-06-24 20:43:21
20,Le HuffPost,2024-07,260,2024-07-18 04:00:06,2024-07-31 18:06:33
20,Le HuffPost,2024-08,458,2024-08-01 04:00:07,2024-08-31 20:53:26
20,Le HuffPost,2024-09,716,2024-09-01 06:00:09,2024-09-30 22:34:08
20,Le HuffPost,2024-10,752,2024-10-01 03:50:08,2024-10-31 21:04:56
20,Le HuffPost,2024-11,744,2024-11-01 06:01:02,2024-11-30 19:00:02
20,Le HuffPost,2024-12,725,2024-12-01 06:00:05,2024-12-31 20:24:10
20,Le HuffPost,2025-01,733,2025-01-01 05:30:02,2025-01-31 21:57:46
20,Le HuffPost,2025-02,682,2025-02-01 06:15:17,2025-02-28 18:42:38
20,Le HuffPost,2025-03,754,2025-03-01 06:00:05,2025-03-31 20:58:43
20,Le HuffPost,2025-04,866,2025-04-01 03:45:01,2025-04-30 20:40:59
20,Le HuffPost,2025-05,1005,2025-05-01 04:45:06,2025-05-31 21:55:48
20,Le HuffPost,2025-06,1000,2025-06-01 06:20:32,2025-06-30 21:47:29
20,Le HuffPost,2025-07,931,2025-07-01 03:45:15,2025-07-31 20:27:02
20,Le HuffPost,2025-08,915,2025-08-01 04:39:58,2025-08-31 21:05:41
20,Le HuffPost,2025-09,1003,2025-09-01 03:45:07,2025-09-30 20:52:05
20,Le HuffPost,2025-10,979,2025-10-01 04:45:17,2025-10-31 22:58:11
20,Le HuffPost,2025-11,909,2025-11-01 05:30:06,2025-11-30 22:11:58
20,Le HuffPost,2025-12,879,2025-12-01 04:45:00,2025-12-31 22:30:11
20,Le HuffPost,2026-01,792,2026-01-01 06:00:17,2026-01-31 22:06:57
20,Le HuffPost,2026-02,819,2026-02-01 06:00:04,2026-02-28 21:54:11
20,Le HuffPost,2026-03,861,2026-03-01 06:15:06,2026-03-31 20:53:08
20,Le HuffPost,2026-04,877,2026-04-01 03:45:05,2026-04-30 21:08:15
20,Le HuffPost,2026-05,809,2026-05-01 04:10:11,2026-05-31 21:10:41
20,Le HuffPost,2026-06,758,2026-06-01 04:00:00,2026-06-24 20:09:40
21,TF1 INFO,2024-07,1056,2024-07-18 04:00:21,2024-07-31 20:48:39
21,TF1 INFO,2024-08,1618,2024-08-01 04:00:00,2024-08-31 20:29:21
21,TF1 INFO,2024-09,1986,2024-09-01 04:45:00,2024-09-30 21:45:35
21,TF1 INFO,2024-10,2267,2024-10-01 05:12:00,2024-10-31 22:32:09
21,TF1 INFO,2024-11,2291,2024-11-01 05:00:00,2024-11-30 23:02:01
21,TF1 INFO,2024-12,2102,2024-12-01 06:00:35,2024-12-31 22:20:18
21,TF1 INFO,2025-01,2576,2025-01-01 05:00:00,2025-01-31 22:07:24
21,TF1 INFO,2025-02,2432,2025-02-01 06:00:00,2025-02-28 23:14:49
21,TF1 INFO,2025-03,2559,2025-03-01 00:18:58,2025-03-31 21:06:36
21,TF1 INFO,2025-04,2477,2025-04-01 04:00:00,2025-04-30 20:52:35
21,TF1 INFO,2025-05,2843,2025-05-01 04:30:00,2025-05-31 23:48:52
21,TF1 INFO,2025-06,2712,2025-06-01 04:30:54,2025-06-30 22:17:13
21,TF1 INFO,2025-07,2830,2025-07-01 04:00:21,2025-07-31 21:43:47
21,TF1 INFO,2025-08,2523,2025-08-01 04:45:00,2025-08-31 21:14:36
21,TF1 INFO,2025-09,2870,2025-09-01 04:30:00,2025-09-30 21:19:09
21,TF1 INFO,2025-10,2675,2025-10-01 04:30:39,2025-10-31 23:57:22
21,TF1 INFO,2025-11,2516,2025-11-01 06:30:00,2025-11-30 22:25:55
21,TF1 INFO,2025-12,2402,2025-12-01 05:20:38,2025-12-31 22:25:06
21,TF1 INFO,2026-01,2388,2026-01-01 05:54:09,2026-01-31 21:59:11
21,TF1 INFO,2026-02,2335,2026-02-01 05:45:00,2026-02-28 22:45:30
21,TF1 INFO,2026-03,1948,2026-03-01 05:57:09,2026-03-31 22:01:44
21,TF1 INFO,2026-04,2074,2026-04-01 05:00:00,2026-04-30 21:06:29
21,TF1 INFO,2026-05,2229,2026-05-01 04:45:00,2026-05-31 20:53:16
21,TF1 INFO,2026-06,2115,2026-06-01 04:00:00,2026-06-24 21:03:59
23,Valeurs actuelles,2024-07,318,2024-07-18 06:00:53,2024-07-31 20:02:20
23,Valeurs actuelles,2024-08,653,2024-08-01 06:00:30,2024-08-31 20:38:42
23,Valeurs actuelles,2024-09,755,2024-09-01 06:00:14,2024-09-30 23:00:08
23,Valeurs actuelles,2024-10,809,2024-10-01 05:40:04,2024-10-31 21:06:16
23,Valeurs actuelles,2024-11,801,2024-11-01 07:00:17,2024-11-30 22:34:38
23,Valeurs actuelles,2024-12,740,2024-12-01 07:00:44,2024-12-31 22:34:30
23,Valeurs actuelles,2025-01,864,2025-01-01 07:00:07,2025-01-31 21:25:56
23,Valeurs actuelles,2025-02,768,2025-02-01 07:00:08,2025-02-28 21:36:43
23,Valeurs actuelles,2025-03,901,2025-03-01 07:00:37,2025-03-31 20:42:25
23,Valeurs actuelles,2025-04,820,2025-04-01 05:00:07,2025-04-30 20:16:35
23,Valeurs actuelles,2025-05,869,2025-05-01 05:00:34,2025-05-31 20:05:02
23,Valeurs actuelles,2025-06,817,2025-06-01 06:00:53,2025-06-30 18:42:05
23,Valeurs actuelles,2025-07,778,2025-07-01 05:00:22,2025-07-31 20:26:17
23,Valeurs actuelles,2025-08,646,2025-08-01 06:00:53,2025-08-31 20:35:56
23,Valeurs actuelles,2025-09,769,2025-09-01 05:00:58,2025-09-30 19:00:04
23,Valeurs actuelles,2025-10,871,2025-10-01 05:00:58,2025-10-31 19:30:30
23,Valeurs actuelles,2025-11,778,2025-11-01 06:30:35,2025-11-30 18:00:43
23,Valeurs actuelles,2025-12,691,2025-12-01 06:00:29,2025-12-31 19:00:55
23,Valeurs actuelles,2026-01,727,2026-01-01 06:30:37,2026-01-31 21:21:57
23,Valeurs actuelles,2026-02,694,2026-02-01 08:00:08,2026-02-28 20:00:08
23,Valeurs actuelles,2026-03,766,2026-03-01 06:30:55,2026-03-31 18:05:04
23,Valeurs actuelles,2026-04,770,2026-04-01 05:30:56,2026-04-30 19:00:46
23,Valeurs actuelles,2026-05,836,2026-05-01 05:00:04,2026-05-31 20:04:20
23,Valeurs actuelles,2026-06,486,2026-06-01 06:00:01,2026-06-24 15:55:30
25,Libération,2024-07,988,2024-07-18 04:00:00,2024-07-31 21:36:00
25,Libération,2024-08,1776,2024-08-01 03:00:00,2024-08-31 19:35:19
25,Libération,2024-09,2105,2024-09-01 05:00:00,2024-09-30 20:23:39
25,Libération,2024-10,2328,2024-10-01 04:52:00,2024-10-31 22:57:26
25,Libération,2024-11,2168,2024-11-01 07:12:00,2024-11-30 22:00:00
25,Libération,2024-12,2055,2024-12-01 01:27:00,2024-12-31 20:42:41
25,Libération,2025-01,2244,2025-01-01 06:18:00,2025-01-31 21:40:17
25,Libération,2025-02,1975,2025-02-01 01:00:00,2025-02-28 22:12:00
25,Libération,2025-03,2161,2025-03-01 00:26:23,2025-03-31 20:23:55
25,Libération,2025-04,2083,2025-04-01 03:04:00,2025-04-30 22:01:00
25,Libération,2025-05,2184,2025-05-01 05:03:00,2025-05-31 22:01:00
25,Libération,2025-06,2141,2025-06-01 03:18:23,2025-06-30 21:26:47
25,Libération,2025-07,2111,2025-07-01 03:36:00,2025-07-31 19:19:00
25,Libération,2025-08,1680,2025-08-01 03:47:00,2025-08-31 22:01:00
25,Libération,2025-09,2185,2025-09-01 03:33:00,2025-09-30 21:10:00
25,Libération,2025-10,2336,2025-10-01 02:14:00,2025-10-31 22:48:10
25,Libération,2025-11,2308,2025-11-01 05:00:01,2025-11-30 22:11:00
25,Libération,2025-12,2088,2025-12-01 01:00:00,2025-12-31 20:26:40
25,Libération,2026-01,2246,2026-01-01 06:03:00,2026-01-31 19:03:18
25,Libération,2026-02,2190,2026-02-01 05:00:01,2026-02-28 22:18:05
25,Libération,2026-03,2165,2026-03-01 04:34:00,2026-03-31 20:25:33
25,Libération,2026-04,1947,2026-04-01 03:00:00,2026-04-30 19:29:50
25,Libération,2026-05,2070,2026-05-01 05:21:00,2026-05-31 19:24:05
25,Libération,2026-06,1688,2026-06-01 04:17:00,2026-06-22 15:17:25
26,Franceinfo,2024-07,2155,2024-07-18 03:43:45,2024-07-31 22:54:53
26,Franceinfo,2024-08,4425,2024-08-01 00:35:03,2024-08-31 22:07:06
26,Franceinfo,2024-09,4473,2024-09-01 00:20:04,2024-09-30 23:09:35
26,Franceinfo,2024-10,4799,2024-10-01 00:25:04,2024-10-31 23:24:19
26,Franceinfo,2024-11,4661,2024-11-01 01:48:04,2024-11-30 23:02:32
26,Franceinfo,2024-12,4239,2024-12-01 01:50:03,2024-12-31 21:02:31
26,Franceinfo,2025-01,4667,2025-01-01 05:00:01,2025-01-31 23:30:09
26,Franceinfo,2025-02,4127,2025-02-01 00:07:58,2025-02-28 23:47:51
26,Franceinfo,2025-03,4588,2025-03-01 00:03:24,2025-03-31 22:16:06
26,Franceinfo,2025-04,4305,2025-04-01 03:58:54,2025-04-30 22:45:59
26,Franceinfo,2025-05,4815,2025-05-01 03:52:58,2025-05-31 23:49:56
26,Franceinfo,2025-06,4387,2025-06-01 00:07:03,2025-06-30 21:17:19
26,Franceinfo,2025-07,4509,2025-07-01 04:00:02,2025-07-31 22:01:42
26,Franceinfo,2025-08,3764,2025-08-01 00:37:06,2025-08-31 21:29:18
26,Franceinfo,2025-09,4395,2025-09-01 03:30:02,2025-09-30 22:41:49
26,Franceinfo,2025-10,4269,2025-10-01 00:40:06,2025-10-31 23:46:39
26,Franceinfo,2025-11,4497,2025-11-01 02:49:05,2025-11-30 21:40:50
26,Franceinfo,2025-12,4777,2025-12-01 05:00:01,2025-12-31 21:31:54
26,Franceinfo,2026-01,5003,2026-01-01 02:52:04,2026-01-31 21:50:09
26,Franceinfo,2026-02,4517,2026-02-01 05:01:53,2026-02-28 23:03:33
26,Franceinfo,2026-03,4537,2026-03-01 05:00:01,2026-03-31 22:30:47
26,Franceinfo,2026-04,4726,2026-04-01 03:44:42,2026-04-30 21:45:34
26,Franceinfo,2026-05,5128,2026-05-01 02:45:02,2026-05-31 22:27:43
26,Franceinfo,2026-06,4217,2026-06-01 03:54:49,2026-06-24 22:30:39
27,BFMTV,2024-07,1063,2024-07-18 00:41:22,2024-07-31 23:39:46
27,BFMTV,2024-08,2295,2024-08-01 00:22:59,2024-08-31 22:12:45
27,BFMTV,2024-09,2482,2024-09-01 04:08:40,2024-09-30 23:47:23
27,BFMTV,2024-10,3003,2024-10-01 00:03:55,2024-10-31 23:19:44
27,BFMTV,2024-11,3197,2024-11-01 05:10:47,2024-11-30 22:53:32
27,BFMTV,2024-12,2817,2024-12-01 05:18:53,2024-12-31 22:46:58
27,BFMTV,2025-01,3110,2025-01-01 05:07:20,2025-01-31 23:02:16
27,BFMTV,2025-02,2868,2025-02-01 05:13:42,2025-02-28 23:46:51
27,BFMTV,2025-03,3121,2025-03-01 00:06:03,2025-03-31 22:40:07
27,BFMTV,2025-04,2921,2025-04-01 00:04:40,2025-04-30 23:53:48
27,BFMTV,2025-05,2875,2025-05-01 00:18:45,2025-05-31 23:11:54
27,BFMTV,2025-06,2777,2025-06-01 00:16:42,2025-06-30 21:43:09
27,BFMTV,2025-07,2480,2025-07-01 04:02:00,2025-07-31 22:14:45
27,BFMTV,2025-08,1924,2025-08-01 04:02:57,2025-08-31 21:14:05
27,BFMTV,2025-09,2804,2025-09-01 03:54:35,2025-09-30 22:14:47
27,BFMTV,2025-10,2758,2025-10-01 02:30:00,2025-10-31 23:08:59
27,BFMTV,2025-11,2257,2025-11-01 04:57:00,2025-11-30 22:23:09
27,BFMTV,2025-12,2230,2025-12-01 05:05:27,2025-12-31 22:43:05
27,BFMTV,2026-01,2234,2026-01-01 05:07:00,2026-01-31 22:41:09
27,BFMTV,2026-02,2123,2026-02-01 04:19:43,2026-02-28 22:22:24
27,BFMTV,2026-03,2472,2026-03-01 05:38:00,2026-03-31 22:32:00
27,BFMTV,2026-04,2145,2026-04-01 03:59:56,2026-04-30 22:00:45
27,BFMTV,2026-05,2231,2026-05-01 03:57:12,2026-05-31 21:40:13
27,BFMTV,2026-06,1612,2026-06-01 03:59:14,2026-06-24 14:59:22
28,Le Nouvel Obs,2024-07,539,2024-07-18 04:00:05,2024-07-31 19:48:05
28,Le Nouvel Obs,2024-08,1059,2024-08-01 04:57:13,2024-08-31 19:39:49
28,Le Nouvel Obs,2024-09,1172,2024-09-01 05:30:12,2024-09-30 19:36:38
28,Le Nouvel Obs,2024-10,1317,2024-10-01 04:02:04,2024-10-31 20:44:59
28,Le Nouvel Obs,2024-11,1342,2024-11-01 06:00:20,2024-11-30 19:00:12
28,Le Nouvel Obs,2024-12,1145,2024-12-01 06:00:06,2024-12-31 21:09:09
28,Le Nouvel Obs,2025-01,1191,2025-01-01 07:00:11,2025-01-31 20:56:18
28,Le Nouvel Obs,2025-02,1083,2025-02-01 06:00:13,2025-02-28 23:01:50
28,Le Nouvel Obs,2025-03,1158,2025-03-01 06:00:04,2025-03-31 19:58:38
28,Le Nouvel Obs,2025-04,1105,2025-04-01 05:00:06,2025-04-30 19:38:28
28,Le Nouvel Obs,2025-05,1021,2025-05-01 05:30:06,2025-05-31 20:52:52
28,Le Nouvel Obs,2025-06,920,2025-06-01 05:30:06,2025-06-30 19:48:35
28,Le Nouvel Obs,2025-07,865,2025-07-01 05:00:12,2025-07-31 19:32:53
28,Le Nouvel Obs,2025-08,785,2025-08-01 05:30:09,2025-08-31 17:41:21
28,Le Nouvel Obs,2025-09,931,2025-09-01 05:00:14,2025-09-30 19:22:38
28,Le Nouvel Obs,2025-10,988,2025-10-01 04:00:13,2025-10-31 20:50:04
28,Le Nouvel Obs,2025-11,851,2025-11-01 06:00:14,2025-11-30 18:38:20
28,Le Nouvel Obs,2025-12,813,2025-12-01 06:00:18,2025-12-31 19:56:53
28,Le Nouvel Obs,2026-01,851,2026-01-01 06:00:15,2026-01-31 21:47:15
28,Le Nouvel Obs,2026-02,692,2026-02-01 06:30:04,2026-02-28 18:44:45
28,Le Nouvel Obs,2026-03,893,2026-03-01 06:30:05,2026-03-31 18:55:59
28,Le Nouvel Obs,2026-04,728,2026-04-01 05:00:05,2026-04-30 18:05:51
28,Le Nouvel Obs,2026-05,768,2026-05-01 05:30:03,2026-05-31 17:39:37
28,Le Nouvel Obs,2026-06,644,2026-06-01 04:00:12,2026-06-24 18:30:08
29,Marianne,2024-07,216,2024-07-18 04:00:00,2024-07-31 18:13:44
29,Marianne,2024-08,399,2024-08-01 04:00:00,2024-08-31 19:19:10
29,Marianne,2024-09,474,2024-09-01 07:35:18,2024-09-30 18:00:01
29,Marianne,2024-10,510,2024-10-01 04:00:00,2024-10-31 19:33:09
29,Marianne,2024-11,524,2024-11-01 05:00:00,2024-11-30 19:33:57
29,Marianne,2024-12,540,2024-12-01 05:00:00,2024-12-31 19:00:00
29,Marianne,2025-01,543,2025-01-01 05:00:00,2025-01-31 19:30:00
29,Marianne,2025-02,538,2025-02-01 05:00:00,2025-02-28 20:00:00
29,Marianne,2025-03,519,2025-03-01 05:00:00,2025-03-31 19:00:00
29,Marianne,2025-04,469,2025-04-01 04:00:00,2025-04-30 18:30:00
29,Marianne,2025-05,470,2025-05-01 04:00:00,2025-05-31 17:00:00
29,Marianne,2025-06,500,2025-06-01 04:00:00,2025-06-30 17:02:39
29,Marianne,2025-07,419,2025-07-01 04:00:00,2025-07-31 17:30:32
29,Marianne,2025-08,387,2025-08-01 04:00:00,2025-08-31 18:00:00
29,Marianne,2025-09,399,2025-09-01 04:00:00,2025-09-30 17:00:00
29,Marianne,2025-10,419,2025-10-01 04:00:00,2025-10-31 20:18:01
29,Marianne,2025-11,389,2025-11-01 07:00:00,2025-11-30 18:00:00
29,Marianne,2025-12,341,2025-12-01 06:00:00,2025-12-31 18:00:00
29,Marianne,2026-01,392,2026-01-01 05:00:00,2026-01-31 17:00:00
29,Marianne,2026-02,353,2026-02-01 05:00:00,2026-02-28 22:10:21
29,Marianne,2026-03,374,2026-03-01 09:00:00,2026-03-31 17:14:43
29,Marianne,2026-04,319,2026-04-01 04:00:00,2026-04-30 17:00:00
29,Marianne,2026-05,299,2026-05-01 04:00:00,2026-05-31 17:43:55
29,Marianne,2026-06,180,2026-06-01 05:00:00,2026-06-21 09:30:13
30,Blast,2024-07,13,2024-07-20 11:30:00,2024-07-31 17:00:00
30,Blast,2024-08,8,2024-08-02 18:14:21,2024-08-30 18:17:06
30,Blast,2024-09,26,2024-09-01 20:00:34,2024-09-30 18:30:03
30,Blast,2024-10,37,2024-10-02 19:30:53,2024-10-30 18:00:00
30,Blast,2024-11,39,2024-11-01 10:00:00,2024-11-30 17:00:00
30,Blast,2024-12,37,2024-12-01 09:00:00,2024-12-31 11:00:00
30,Blast,2025-01,34,2025-01-01 12:00:00,2025-01-31 18:40:00
30,Blast,2025-02,50,2025-02-01 17:00:00,2025-02-28 17:00:00
30,Blast,2025-03,51,2025-03-01 17:00:00,2025-03-29 17:10:44
30,Blast,2025-04,47,2025-04-01 10:08:36,2025-04-30 18:30:00
30,Blast,2025-05,49,2025-05-01 17:30:00,2025-05-31 17:00:00
30,Blast,2025-06,37,2025-06-01 11:00:00,2025-06-30 19:10:00
30,Blast,2025-07,36,2025-07-01 19:00:00,2025-07-31 19:00:00
30,Blast,2025-08,23,2025-08-01 19:30:00,2025-08-31 11:00:00
30,Blast,2025-09,36,2025-09-01 00:00:00,2025-09-30 18:40:00
30,Blast,2025-10,46,2025-10-01 18:45:00,2025-10-31 19:15:00
30,Blast,2025-11,47,2025-11-01 17:00:00,2025-11-30 16:00:00
30,Blast,2025-12,35,2025-12-01 11:45:00,2025-12-31 15:00:00
30,Blast,2026-01,33,2026-01-01 15:00:00,2026-01-31 16:00:00
30,Blast,2026-02,35,2026-02-01 10:00:00,2026-02-28 18:30:00
30,Blast,2026-03,41,2026-03-01 10:00:00,2026-03-31 15:15:00
30,Blast,2026-04,16,2026-04-01 16:30:00,2026-04-14 10:35:00
30,Blast,2026-05,37,2026-05-01 15:00:00,2026-05-31 15:00:00
30,Blast,2026-06,41,2026-06-01 16:30:00,2026-06-24 16:30:00+00:00
31,L'Opinion,2024-07,212,2024-07-18 08:00:00,2024-07-31 18:00:00
31,L'Opinion,2024-08,408,2024-08-01 08:00:00,2024-08-31 10:40:48
31,L'Opinion,2024-09,590,2024-09-01 08:00:51,2024-09-30 21:30:00
31,L'Opinion,2024-10,649,2024-10-01 05:00:00,2024-10-31 15:41:07
31,L'Opinion,2024-11,567,2024-11-01 08:51:52,2024-11-30 11:36:48
31,L'Opinion,2024-12,582,2024-12-01 07:15:39,2024-12-31 20:12:14
31,L'Opinion,2025-01,620,2025-01-01 05:30:00,2025-01-31 16:41:15
31,L'Opinion,2025-02,571,2025-02-02 05:31:00,2025-02-28 18:23:27
31,L'Opinion,2025-03,622,2025-03-02 08:01:20,2025-03-31 19:30:00
31,L'Opinion,2025-04,605,2025-04-01 09:15:48,2025-04-30 17:17:52
31,L'Opinion,2025-05,490,2025-05-01 08:10:15,2025-05-30 15:19:17
31,L'Opinion,2025-06,595,2025-06-01 08:05:01,2025-06-30 17:31:00
31,L'Opinion,2025-07,508,2025-07-01 04:00:00,2025-07-31 17:30:00
31,L'Opinion,2025-08,367,2025-08-01 08:30:00,2025-08-31 17:20:00
31,L'Opinion,2025-09,560,2025-09-01 03:55:00,2025-09-30 17:40:00
31,L'Opinion,2025-10,611,2025-10-01 04:00:00,2025-10-31 21:10:59
31,L'Opinion,2025-11,586,2025-11-01 07:54:36,2025-11-30 18:31:00
31,L'Opinion,2025-12,626,2025-12-01 06:09:20,2025-12-31 18:00:00
31,L'Opinion,2026-01,627,2026-01-01 08:06:45,2026-01-31 14:00:00
31,L'Opinion,2026-02,632,2026-02-01 08:05:39,2026-02-28 12:52:00
31,L'Opinion,2026-03,695,2026-03-01 06:56:16,2026-03-31 18:00:00
31,L'Opinion,2026-04,643,2026-04-01 05:54:44,2026-04-30 16:45:42
31,L'Opinion,2026-05,601,2026-05-01 04:41:00,2026-05-31 17:15:00
31,L'Opinion,2026-06,651,2026-06-01 05:00:00,2026-06-24 18:00:00
33,France 24,2024-07,182,2024-07-18 03:51:48,2024-07-31 18:42:39
33,France 24,2024-08,330,2024-08-01 04:01:44,2024-08-31 18:22:38
33,France 24,2024-09,356,2024-09-01 04:58:56,2024-09-30 19:53:51
33,France 24,2024-10,316,2024-10-01 02:12:01,2024-10-31 22:53:13
33,France 24,2024-11,371,2024-11-01 01:31:08,2024-11-30 20:53:25
33,France 24,2024-12,358,2024-12-01 06:56:07,2024-12-31 18:19:19
33,France 24,2025-01,386,2025-01-01 06:46:27,2025-01-31 21:42:44
33,France 24,2025-02,357,2025-02-01 05:55:47,2025-02-28 22:11:33
33,France 24,2025-03,395,2025-03-01 06:29:55,2025-03-31 19:26:34
33,France 24,2025-04,424,2025-04-01 00:31:56,2025-04-30 20:52:56
33,France 24,2025-05,421,2025-05-01 00:57:03,2025-05-31 21:35:56
33,France 24,2025-06,418,2025-06-01 06:09:57,2025-06-30 21:53:29
33,France 24,2025-07,481,2025-07-01 01:22:27,2025-07-31 19:34:24
33,France 24,2025-08,352,2025-08-01 05:36:42,2025-08-31 19:42:09
33,France 24,2025-09,390,2025-09-01 00:33:27,2025-09-30 21:15:22
33,France 24,2025-10,460,2025-10-01 05:42:21,2025-10-31 18:52:54
33,France 24,2025-11,408,2025-11-01 07:00:17,2025-11-30 21:48:50
33,France 24,2025-12,541,2025-12-01 00:13:54,2025-12-31 20:59:10
33,France 24,2026-01,671,2026-01-01 00:12:03,2026-01-31 20:38:08
33,France 24,2026-02,566,2026-02-01 05:34:36,2026-02-28 19:37:54
33,France 24,2026-03,535,2026-03-01 00:25:45,2026-03-31 19:09:48
33,France 24,2026-04,540,2026-04-01 00:28:59,2026-04-30 20:52:17
33,France 24,2026-05,602,2026-05-01 02:27:09,2026-05-31 17:43:12
33,France 24,2026-06,188,2026-06-01 00:54:35,2026-06-09 15:15:30
34,Atlantico,2024-07,98,2024-07-18 06:26:05,2024-07-31 11:31:58
34,Atlantico,2024-08,174,2024-08-01 07:17:25,2024-08-31 20:10:54
34,Atlantico,2024-09,253,2024-09-01 06:25:38,2024-09-30 15:44:04
34,Atlantico,2024-10,278,2024-10-01 06:47:06,2024-10-31 16:50:51
34,Atlantico,2024-11,174,2024-11-01 07:32:06,2024-11-30 15:09:52
34,Atlantico,2024-12,229,2024-12-01 07:46:21,2024-12-31 13:11:41
34,Atlantico,2025-01,230,2025-01-01 08:58:58,2025-01-31 17:48:34
34,Atlantico,2025-02,225,2025-02-01 08:21:35,2025-02-28 12:09:51
34,Atlantico,2025-03,263,2025-03-01 07:23:50,2025-03-31 16:04:38
34,Atlantico,2025-04,305,2025-04-01 06:37:14,2025-04-30 14:19:07
34,Atlantico,2025-05,293,2025-05-01 06:46:08,2025-05-31 15:28:19
34,Atlantico,2025-06,275,2025-06-01 07:06:39,2025-06-30 10:11:31
34,Atlantico,2025-07,266,2025-07-01 06:46:15,2025-07-31 16:06:14
34,Atlantico,2025-08,208,2025-08-01 07:25:44,2025-08-31 18:18:58
34,Atlantico,2025-09,284,2025-09-01 06:51:55,2025-09-30 14:25:59
34,Atlantico,2025-10,317,2025-10-01 06:24:00,2025-10-31 14:29:00
34,Atlantico,2025-11,266,2025-11-01 08:43:37,2025-11-30 18:59:00
34,Atlantico,2025-12,268,2025-12-01 07:51:52,2025-12-31 16:47:00
34,Atlantico,2026-01,293,2026-01-01 07:21:00,2026-01-31 13:09:20
34,Atlantico,2026-02,278,2026-02-01 07:32:00,2026-02-28 15:57:47
34,Atlantico,2026-03,296,2026-03-01 09:18:00,2026-03-31 13:47:00
34,Atlantico,2026-04,293,2026-04-01 06:49:00,2026-04-30 13:34:00
34,Atlantico,2026-05,300,2026-05-01 06:32:00,2026-05-31 10:49:00
34,Atlantico,2026-06,219,2026-06-01 06:55:00,2026-06-24 11:07:00
36,Challenges,2024-07,182,2024-07-18 05:00:00,2024-07-31 21:35:27
36,Challenges,2024-08,304,2024-08-01 06:00:00,2024-08-31 14:00:00
36,Challenges,2024-09,468,2024-09-01 07:00:00,2024-09-30 20:03:38
36,Challenges,2024-10,554,2024-10-01 04:30:00,2024-10-31 18:36:41
36,Challenges,2024-11,644,2024-11-01 02:50:12,2024-11-30 20:50:00
36,Challenges,2024-12,521,2024-12-01 03:33:09,2024-12-31 21:07:00
36,Challenges,2025-01,434,2025-01-01 04:00:21,2025-01-31 17:30:00
36,Challenges,2025-02,377,2025-02-01 07:00:00,2025-02-28 21:42:00
36,Challenges,2025-03,457,2025-03-01 08:00:00,2025-03-31 19:14:00
36,Challenges,2025-04,434,2025-04-01 03:01:10,2025-04-30 17:09:00
36,Challenges,2025-05,402,2025-05-01 01:50:12,2025-05-31 21:21:00
36,Challenges,2025-06,417,2025-06-01 07:35:00,2025-06-30 16:38:00
36,Challenges,2025-07,407,2025-07-01 04:20:00,2025-07-31 15:00:00
36,Challenges,2025-08,329,2025-08-01 06:00:00,2025-08-31 19:42:00
36,Challenges,2025-09,645,2025-09-01 04:15:00,2025-09-30 19:42:15
36,Challenges,2025-10,832,2025-10-01 03:00:03,2025-10-31 22:12:00
36,Challenges,2025-11,927,2025-11-01 07:00:00,2025-11-30 19:42:01
36,Challenges,2025-12,828,2025-12-01 03:13:22,2025-12-31 20:42:03
36,Challenges,2026-01,1299,2026-01-01 05:30:00,2026-01-31 15:42:00
36,Challenges,2026-02,471,2026-02-01 07:00:00,2026-02-28 19:58:00
36,Challenges,2026-03,573,2026-03-01 07:00:00,2026-03-31 17:00:00
36,Challenges,2026-04,432,2026-04-01 05:30:00,2026-04-30 16:45:00
36,Challenges,2026-05,363,2026-05-01 06:00:00,2026-05-31 15:27:00
36,Challenges,2026-06,359,2026-06-01 04:45:00,2026-06-24 17:00:00
