pair_id,paraphrased_label
1233671::PA722190,neu
2669855::PA793444,neu
1977911::PA642847,neu
1360529::PA1567,neu
2198117::PA842105,neu
1802434::PA721202,neu
4876628::PA720614,neu
4430194::PA721908,pos
2971552::PA793532,neu
2986655::PA721908,neu
4375505::PA795722,neg
589913::PA720614,neu
1657881::PA720614,neg
1226242::PA720614,neu
2722907::PA791812,neu
1889911::PA720614,neu
4560234::PA842105,neu
2358253::PA717379,neu
1617542::PA720614,neu
4627570::PA720614,neu
4873322::PA330240,neu
1933271::PA793464,neg
1238072::PA720468,neu
116070::PA793464,neg
4687932::PA722190,neu
1882596::PA793464,neg
533528::PA267285,neu
4717920::PA609332,neu
251682::PA720614,neu
2018225::PA842105,neu
4375344::PA720614,pos
2678820::PA795076,pos
1513916::PA722190,neu
2835814::PA720614,neg
2698832::PA721024,neu
1881861::PA609332,neu
1668287::PA796062,neg
2651273::PA609332,pos
3595047::PA330240,neu
1383208::PA720614,neg
1181614::PA609332,neu
3582950::PA720614,neu
1193387::PA267285,neu
2820651::PA720892,neg
4571011::PA720614,pos
467006::PA267285,neu
1326211::PA720614,neg
1344074::PA720614,neu
2231164::PA720614,neg
4439672::PA720614,neu
1731005::PA720614,neg
1408648::PA720614,neu
1240050::PA793464,neu
4501809::PA720614,pos
2585724::PA795076,neu
136882::PA720614,neu
1739070::PA841463,neu
2686081::PA793444,neu
4619750::PA335999,neu
5047960::PA717379,pos
1737049::PA722190,neu
4520033::PA794322,neu
4591687::PA609332,neu
2646953::PA719930,neg
1430945::PA720614,neg
2302381::PA721024,neu
1922814::PA791812,neu
1818968::PA791812,pos
2357380::PA720614,neu
521007::PA722190,neu
1131042::PA794008,neu
4574519::PA841207,neg
4578716::PA719930,neu
1244182::PA796062,neg
1729973::PA722190,neu
2274235::PA722190,pos
1212810::PA720614,neg
4412860::PA791812,neg
2344436::PA721764,neu
2407188::PA721202,neu
4553910::PA720614,neu
4609794::PA609332,neu
1808467::PA1654,neu
1687726::PA2940,neu
895857::PA1654,neg
596984::PA722190,neu
2900212::PA793432,pos
2804728::PA721210,neg
1184164::PA721908,pos
4621943::PA719930,neu
4370918::PA791812,neg
2405768::PA793464,neu
471841::PA720614,neu
97014::PA722190,pos
3246291::PA796062,neu
1382506::PA720614,neu
2688::PA720038,pos
251849::PA720614,neu
1238466::PA267285,neu
4555564::PA793444,neg
2967354::PA267285,neu
13354::PA720614,neg
2408246::PA1567,neu
595459::PA267285,neu
1705959::PA793444,neu
1352040::PA643104,neu
1050963::PA720614,neg
2615795::PA330240,neg
1465990::PA720614,neu
1962629::PA720892,neu
4873691::PA721202,neu
4549488::PA609332,neu
2569785::PA267285,neg
4579589::PA330240,neg
1654901::PA720614,neg
2404017::PA720614,neu
2350848::PA720614,neu
1653530::PA841853,neu
4564612::PA722190,neu
895083::PA267285,neg
4988047::PA720468,neu
1664958::PA720468,neu
4583052::PA719930,neu
589773::PA720614,neg
2619117::PA720614,neu
2837176::PA609332,pos
1679319::PA720614,neu
2344524::PA721960,neu
257645::PA719372,neg
2713384::PA942,neu
1242051::PA717161,pos
2403792::PA795552,neu
2720910::PA720468,neu
2729892::PA795164,neg
1632865::PA841207,neu
2599196::PA608416,pos
2693661::PA720468,neu
8929::PA719930,pos
861781::PA721908,pos
1741492::PA609332,neu
2670376::PA267285,pos
2343770::PA793444,neu
1608062::PA793444,neu
594892::PA795466,neu
1329135::PA796062,neg
4557828::PA721908,neu
232178::PA720614,neu
1673954::PA722190,neg
1788108::PA791812,neu
1078911::PA721202,neg
225902::PA721202,pos
589070::PA795176,neu
1915993::PA721202,neu
2349949::PA720614,neg
4562541::PA795318,neu
4375538::PA720614,neu
1639790::PA841207,neu
1202511::PA722150,neu
1182077::PA795318,neg
4685945::PA330240,neu
5042958::PA794322,neu
1709475::PA721202,neu
22349::PA720614,neu
1610858::PA791812,neu
1837246::PA793464,pos
2176634::PA717379,pos
2629528::PA1654,neu
252569::PA720614,neu
594604::PA791812,neu
4716467::PA842105,neu
594507::PA842155,neg
594757::PA793444,neu
1727725::PA793444,neu
1181987::PA722142,neu
1231465::PA720468,neu
4573603::PA720614,neg
2786920::PA793464,neg
2407569::PA795722,neu
4718391::PA795318,neu
32387::PA841067,neg
1625193::PA720614,neu
1832771::PA796090,neu
4475001::PA793432,neu
3544733::PA720614,neu
896028::PA794038,neu
1471001::PA720614,neu
1701213::PA609332,pos
4626873::PA722190,neu
189409::PA720614,neg
1181400::PA795912,neg
1237240::PA793444,neg
574439::PA609332,neg
1685781::PA719938,neu
894996::PA793464,neu
2669230::PA720614,neg
1912003::PA793464,neu
4653050::PA720614,neu
1780303::PA330240,neu
1802456::PA720614,neu
1694787::PA720614,neg
223730::PA720614,neu
2619158::PA609332,neu
1192446::PA793464,neu
4555336::PA722190,neu
4656074::PA721202,pos
3020277::PA1654,neu
4657395::PA722190,pos
593937::PA720614,neu
2033749::PA791812,neu
1184071::PA796034,neg
2723527::PA609332,neu
4584359::PA791812,neg
103140::PA842037,neu
1884682::PA720614,neu
589768::PA720614,neg
2345264::PA795350,neu
4563584::PA720892,neu
5022976::PA330240,neg
203571::PA267285,pos
893437::PA1654,neu
2623514::PA720038,neu
196810::PA720614,neg
1694756::PA720614,neu
978229::PA793342,neg
1192888::PA609332,neu
4698315::PA1654,neu
4413994::PA720614,neg
1766707::PA720614,neu
236355::PA720480,pos
1637266::PA721908,neu
958902::PA267285,neu
1816785::PA721202,neu
2256548::PA719938,neg
4565857::PA793398,neu
2357575::PA720614,neg
2787288::PA720614,neu
2531798::PA720614,neu
1673319::PA609332,pos
4559710::PA720614,neu
1688171::PA717161,neu
4632511::PA793444,neu
1825310::PA720614,pos
4718288::PA720614,pos
1215510::PA720614,pos
200132::PA720614,neg
2359256::PA609332,neg
1689085::PA267285,neu
895241::PA720614,neu
1538237::PA842105,neu
1181406::PA841381,neg
894994::PA722190,neu
589594::PA795912,pos
1841819::PA791812,neu
2544172::PA717161,neu
1039687::PA1654,neu
184647::PA720614,neg
2343743::PA796062,neg
2356447::PA793624,neu
1460679::PA717161,neg
2355639::PA330240,neu
4558339::PA719930,pos
2837667::PA794130,neu
1693806::PA720614,neu
4629973::PA346782,neu
1903367::PA1654,pos
2465791::PA795318,neu
1477120::PA722190,pos
1825448::PA795912,neu
4669089::PA841207,pos
2597943::PA721202,neg
2565067::PA720614,neg
2353805::PA795318,neu
1753842::PA721202,neu
4706234::PA720468,neu
3611452::PA267285,neu
2354875::PA793322,neu
3498325::PA1567,neu
3785698::PA793432,neu
595466::PA722190,neu
4564494::PA841207,neg
1163879::PA720038,neu
1238974::PA330240,neu
1748920::PA720614,pos
1238678::PA793464,neg
896319::PA720614,neu
2546216::PA720614,neu
1706548::PA794130,neg
1968371::PA793464,pos
4636810::PA330240,neg
2816128::PA722190,neu
1744364::PA794130,neu
2703784::PA1654,neu
2579754::PA795552,neu
1816574::PA841873,neu
4373810::PA330240,neu
4373143::PA721908,neu
4503883::PA330240,neg
2803189::PA720614,neu
546840::PA795912,neu
1182973::PA795974,neg
1944755::PA795228,neu
589104::PA795076,neu
2709915::PA722190,neu
4559729::PA267285,neu
2531256::PA795778,neu
3855457::PA609332,neu
1675953::PA330240,neg
1192888::PA1567,neg
2339219::PA719472,neu
4633750::PA791812,neg
4557094::PA721908,neu
4549229::PA720614,neu
1352325::PA1654,neu
531671::PA720614,pos
2008695::PA791812,neu
896065::PA717161,neu
1763470::PA720614,neu
2407745::PA330240,neu
4554474::PA720614,neu
2404081::PA795318,neg
1609822::PA842105,neg
896722::PA793464,neu
258130::PA720614,neg
1070244::PA722142,neu
1686743::PA267285,neu
1241920::PA796090,neg
955682::PA794598,neg
1941496::PA793464,neg
4724570::PA720892,neu
1675302::PA330240,neu
2407713::PA795912,neu
1764580::PA720614,neg
4590805::PA720614,neu
4617959::PA795552,neu
2600438::PA795746,neu
4677953::PA722190,neu
1749955::PA793464,neg
4879416::PA720614,neg
962893::PA717161,pos
1651390::PA720614,neu
1701857::PA609332,neu
594322::PA721908,neu
597995::PA267285,neu
468387::PA609332,neu
2405771::PA267285,neu
1782689::PA720614,neg
2610771::PA795318,neu
1234167::PA721908,neg
1673547::PA720614,neg
4498187::PA1654,neu
595041::PA794130,neg
4877877::PA720614,neg
12929::PA720614,neg
4372310::PA795466,neu
1181870::PA267285,neu
1638579::PA720614,neu
895450::PA267285,neu
1614957::PA842105,neu
2657357::PA609332,neu
2812922::PA267285,neu
4603149::PA719388,neu
4518952::PA793432,neu
1239737::PA1654,neu
2707316::PA721960,neu
2790340::PA720468,neu
77708::PA720614,neu
4682826::PA330240,neu
579185::PA722190,neu
1899007::PA794946,neu
1740684::PA267285,neg
1803003::PA720614,neg
1667833::PA1654,neu
547635::PA720614,neu
2504365::PA795778,neg
1693196::PA720614,neu
1602291::PA791812,neu
1182809::PA330240,pos
4393915::PA795596,neu
2716476::PA1654,neu
918009::PA720614,neg
589314::PA720614,neu
1240457::PA795778,neg
473029::PA720614,neu
1797707::PA720614,neg
2198622::PA720614,neg
1639244::PA330240,neu
3707160::PA720614,neg
208103::PA720614,neg
4583716::PA368,neu
1732420::PA720370,neu
1667112::PA720614,neu
2407366::PA720614,pos
594951::PA842155,neg
2346982::PA722142,neg
1832644::PA842105,neg
894727::PA609332,neu
1236421::PA720614,neg
425273::PA720614,pos
588571::PA267285,neu
1690715::PA267285,neg
2072396::PA605782,pos
2354472::PA793444,neu
1731741::PA840701,neu
1073667::PA793444,neu
1829117::PA720614,neu
1888198::PA720892,neu
2356992::PA795778,neu
1070704::PA795076,neu
593958::PA720614,neu
1231474::PA720892,neu
1366170::PA267285,neu
3708571::PA720614,neg
2350399::PA609332,neu
1350090::PA793444,neu
4659070::PA2940,neu
1693835::PA720614,neg
4718072::PA720614,neu
4620624::PA841207,neg
1323594::PA720614,pos
4549206::PA719930,neu
2169538::PA842105,neu
12974::PA720614,neg
4388788::PA720614,neg
4567166::PA841207,neu
1756061::PA791812,neu
2356230::PA720614,neu
1764667::PA720614,neu
2351060::PA721202,neu
1910730::PA842105,neu
3496374::PA791812,neu
215093::PA793624,pos
2196352::PA842105,pos
1484360::PA720614,neu
4566896::PA841207,neg
1244394::PA330240,neu
1739829::PA722142,neg
2600264::PA609332,neu
895141::PA609332,pos
1184145::PA721202,pos
2614109::PA720614,neg
1382658::PA720614,pos
1666327::PA720614,neg
3230652::PA793464,neu
895478::PA720614,neg
1695715::PA720614,neg
2204860::PA720614,neu
2694943::PA793624,neu
584418::PA267285,neg
896294::PA795722,neg
173668::PA841381,neg
921731::PA722190,pos
2549486::PA720614,neg
1754661::PA796090,neu
1735084::PA791812,neg
2350468::PA795164,neg
2302849::PA609332,neu
1451615::PA795318,neg
1667888::PA794130,neu
1182058::PA794718,neg
2349594::PA1654,neu
2607617::PA267285,neu
2694830::PA722190,neu
1858919::PA1567,neu
4767394::PA721908,neu
1386197::PA721764,neu
1665980::PA720614,neg
1674988::PA1567,neu
1182000::PA793246,neu
4441987::PA841199,neu
4389058::PA719930,neg
2564514::PA720614,pos
4568831::PA791812,pos
4782515::PA721908,neu
1702935::PA719930,pos
4690271::PA720614,neu
1954167::PA794598,neg
589597::PA720614,neg
1693630::PA720614,neg
1739758::PA720614,neu
1064841::PA721908,neu
3707527::PA720614,neg
1653587::PA720468,neu
191856::PA720614,pos
2399327::PA722190,neu
3761984::PA721908,neu
2356484::PA267285,neu
518183::PA793382,neg
4501199::PA717161,neu
210604::PA609332,neu
1181771::PA267285,neu
4391641::PA720614,neu
1612507::PA720468,neu
1960596::PA721202,neu
4376427::PA722190,pos
587094::PA720614,neg
4372576::PA793464,neu
257567::PA842105,neu
2883793::PA720614,neg
1181454::PA720614,neg
557884::PA1654,neg
1875159::PA1654,neu
2821621::PA795076,neu
1747096::PA720614,neg
2437163::PA722190,neu
1416110::PA1567,neu
1763567::PA793736,neu
1832742::PA720614,neu
1882764::PA720892,neu
3704181::PA720614,pos
118210::PA720614,neg
4572275::PA368,neu
3713315::PA720614,pos
166678::PA588884,neu
894528::PA795552,neu
2953137::PA793444,neu
2834654::PA842105,neg
2402579::PA720614,neu
4870865::PA267285,neg
2676306::PA719388,neu
895642::PA720614,neg
1474335::PA267285,neu
3241066::PA609332,neg
2174942::PA795466,neg
1817029::PA335612,neu
1051568::PA720614,neg
2728031::PA796062,neu
1662012::PA722190,neu
1652409::PA795746,neu
2403920::PA795778,neu
1839287::PA842155,neg
1741184::PA721024,neu
1666306::PA720614,neg
1670015::PA793464,neg
4878218::PA720614,neg
2357180::PA720614,neu
4373218::PA720614,neu
1811255::PA720038,neu
2787800::PA720614,neu
3796198::PA720468,neu
2714452::PA720614,pos
1915142::PA720614,neu
1693956::PA720614,neg
588466::PA720614,neu
1663587::PA721202,neu
1898433::PA330240,neu
2811206::PA793444,neu
1672511::PA795076,neu
2275823::PA609332,neu
198707::PA721202,neu
4511982::PA793444,neg
589214::PA842105,neu
4623609::PA791812,neg
1468193::PA722190,neu
2789876::PA720468,neu
2112674::PA722190,neu
2345263::PA330240,neu
593919::PA842105,neu
2951593::PA720614,neg
1051307::PA720614,neu
1699340::PA722190,neg
2231035::PA267285,neu
170698::PA841713,neu
1395946::PA720614,neu
4956565::PA795076,neg
97680::PA720614,pos
1788512::PA795912,neg
2703187::PA267285,neg
4876966::PA722190,neu
595531::PA609332,neg
4553558::PA267285,neu
131332::PA720614,neg
1241360::PA720892,neu
4555711::PA795046,neg
135801::PA720614,pos
4548821::PA722190,neu
2677978::PA722190,neu
4519259::PA720468,neu
1681746::PA795318,neu
251896::PA720614,neu
179387::PA267285,neu
4557820::PA793432,neu
4549021::PA721908,neu
4867274::PA795884,pos
2835075::PA721210,pos
4668005::PA330240,neu
2350722::PA720614,neu
1237222::PA267285,neu
2726285::PA720468,neu
203131::PA720614,neu
4661906::PA793394,neu
3496236::PA793464,neu
2345944::PA721202,neu
945132::PA720614,neg
2404168::PA720468,neu
4565551::PA330240,pos
1164092::PA795076,neg
589765::PA720614,neg
1226188::PA841327,neu
2349918::PA794598,neu
4376617::PA720614,pos
237944::PA791812,neg
1680875::PA840809,neg
4555049::PA267285,neu
1233597::PA795778,neu
4495387::PA793432,neu
4719051::PA720614,neu
2353706::PA795318,neu
1820370::PA791812,neu
1790129::PA842105,neu
1972449::PA842105,neg
3130976::PA720614,neg
1707830::PA720614,neu
1692613::PA720614,neu
2347424::PA795050,neu
4612248::PA795552,neu
594882::PA720614,neg
1673632::PA720614,pos
1826545::PA1567,neu
1919503::PA794598,neu
1922540::PA722190,neu
1183515::PA607193,neu
1676069::PA267285,neu
2029228::PA720614,neg
18154::PA720892,neu
1969723::PA609332,neg
1508302::PA720892,neu
2404160::PA720468,neu
2820010::PA720614,neg
4603641::PA605782,neu
1200952::PA720892,neu
4477267::PA1654,neu
1182929::PA722142,neu
2295357::PA795466,neu
896663::PA1654,neu
2607382::PA720614,neu
1798627::PA720614,neg
1384219::PA720614,neg
1693144::PA1567,neg
2834333::PA267285,neu
589024::PA791812,neu
1660859::PA721202,neu
896308::PA794130,neg
4372715::PA721202,neu
2359572::PA609332,neu
1350966::PA795318,neg
1766057::PA722190,pos
1673978::PA720614,neg
1733858::PA722190,neg
2820276::PA720614,neg
1733713::PA720614,neg
258713::PA1654,neu
4868649::PA795778,neg
1827477::PA841515,neu
2542564::PA793444,neu
594937::PA721908,neu
1821813::PA330240,neg
2016286::PA717161,neu
588411::PA609332,neg
2220690::PA795778,neu
4716916::PA720614,neu
1678896::PA719930,neu
1183649::PA793464,neg
1833626::PA720892,neu
1638877::PA721908,neu
1324738::PA795596,neu
4625380::PA720614,neu
1608445::PA712014,pos
4600748::PA794322,neu
1244163::PA721202,neu
2664190::PA609332,neu
2700264::PA720614,neu
1639462::PA267285,neg
1678733::PA720100,neg
1212941::PA720614,neu
595441::PA720614,neu
4443739::PA720614,neu
1489649::PA795318,neu
4604197::PA720468,neu
4706360::PA722190,neg
1676084::PA720614,neu
102255::PA720614,neu
2583135::PA267285,neg
2349535::PA795778,neu
73192::PA330240,neu
4909491::PA842155,neg
2350748::PA720614,neu
4598750::PA609332,pos
2359023::PA717379,neu
1699232::PA793444,neu
1715440::PA722190,neu
1181622::PA720614,neg
2354289::PA795552,neu
2815426::PA842105,neu
2357525::PA720614,neu
1366688::PA267285,neg
1405942::PA720614,neu
918388::PA721202,neu
2838438::PA720614,neu
2574679::PA720614,neu
3119664::PA722190,neg
132309::PA720614,neg
4390442::PA720614,neu
3119389::PA722190,neu
1695496::PA720614,neg
2725682::PA794008,neu
4495253::PA717161,neu
2564445::PA722190,neu
1239917::PA722142,neu
3743660::PA1654,neu
27928::PA722190,neu
1835211::PA795318,neu
2708097::PA794130,neg
537646::PA722190,neg
1901543::PA267285,neg
4569945::PA791812,neg
594232::PA1654,neg
2353591::PA1654,neg
4536404::PA1654,neu
1703249::PA720614,neg
895628::PA720614,neu
2353045::PA795076,neu
896834::PA717161,pos
589372::PA796062,neg
2315801::PA720614,neu
1509555::PA842155,neu
2348052::PA793444,neg
1788048::PA720614,neu
1834016::PA721202,neu
2589683::PA722190,neu
1675568::PA721202,pos
3131695::PA720614,neg
1785663::PA720614,neg
1822071::PA722190,neu
1232784::PA720614,neu
1947870::PA330240,pos
4733494::PA722142,neu
589359::PA795318,neu
1693865::PA720614,neg
1716669::PA795778,neu
180216::PA720468,pos
4370502::PA722142,neu
1212130::PA720614,neg
1182278::PA722190,pos
962807::PA720952,neg
1704919::PA720614,neu
1446417::PA795318,neg
1182136::PA1567,neg
2402281::PA795912,neu
2347649::PA794130,neg
4716846::PA841207,neu
1841388::PA1654,neu
4554452::PA267285,neu
1810068::PA609332,neu
4657300::PA791812,pos
1182085::PA793444,neu
594423::PA796062,neu
1686832::PA720614,neg
4725728::PA722142,neu
894977::PA720892,neg
125845::PA721908,neu
208146::PA720614,pos
1695062::PA720614,neg
3130888::PA720614,neg
1768838::PA720614,neu
525969::PA720614,neu
1655549::PA720614,neu
925827::PA720614,neg
594965::PA942,neg
2225799::PA793432,neg
2550618::PA795200,neu
1790115::PA842105,neu
15070::PA721908,neu
2354241::PA720892,neu
1690271::PA720614,neg
1182755::PA609332,neu
1728224::PA721210,neu
3703288::PA720614,neg
1767447::PA795318,neg
1693705::PA719930,neu
1813289::PA793464,neg
4624652::PA368,neu
4725917::PA330240,neg
1753907::PA720614,neg
2026343::PA842105,neu
1779923::PA793464,neg
4554476::PA720614,neu
5002294::PA722190,neu
4873667::PA841657,neu
169401::PA720614,neu
2626324::PA794778,neu
1773792::PA791812,neu
1739743::PA720614,neu
2197922::PA795528,neu
594398::PA717161,neg
2007145::PA720614,pos
467261::PA1654,neg
895523::PA720614,neg
93425::PA720614,neg
1469417::PA720892,neu
1342545::PA720892,neu
1982632::PA722190,neu
588771::PA793464,neg
1428973::PA720614,neg
2679730::PA791812,neg
4548964::PA720614,neu
2186639::PA719558,neu
2803074::PA720614,neg
1720880::PA791824,neu
4719882::PA721908,pos
4548712::PA720614,neu
1242211::PA330240,neu
2592569::PA722190,neu
180568::PA1654,neg
595568::PA720614,neg
4496116::PA721908,neu
960367::PA720614,neg
4389854::PA795528,neu
1376828::PA795778,neu
4717604::PA721908,pos
2344739::PA795318,neg
4562839::PA721908,neu
2793902::PA267285,neu
4549472::PA609332,neu
1793357::PA841717,neu
1997821::PA720892,neu
1182340::PA720892,neu
2619015::PA795778,neu
2306193::PA722150,neg
1710868::PA720614,neu
1605497::PA791812,neu
4893852::PA817203,neu
190391::PA720614,neu
2794380::PA795778,neu
1736510::PA795912,neu
1824424::PA721202,neu
543718::PA796062,neg
2796375::PA719938,neu
100759::PA720614,neg
1839241::PA791812,neu
2408994::PA722190,neu
4870263::PA267285,neu
1857280::PA267285,neu
174030::PA721908,neu
1351064::PA721908,pos
1491087::PA720614,neu
1747818::PA721202,neu
2673845::PA721908,pos
27059::PA719930,neu
2177658::PA720614,pos
2710968::PA330240,neu
259856::PA842271,pos
1675549::PA720614,neu
1656444::PA720892,neu
473394::PA717161,neu
4712510::PA722190,neu
1182768::PA720614,neg
4880177::PA722190,neu
4780787::PA793464,neu
595382::PA793444,neu
99210::PA721024,neu
4686053::PA722190,neu
2399259::PA720468,neu
896789::PA720614,neu
921715::PA721908,neu
4518948::PA720614,neu
2408553::PA330240,neg
3817959::PA609332,neu
1765241::PA720614,neg
2524132::PA720614,neg
1840447::PA1654,neu
4719943::PA841207,neg
2632126::PA793444,neu
1914076::PA721202,neu
1655101::PA720614,neg
4549272::PA609332,neu
1182911::PA267285,neu
2209238::PA720892,neu
4875327::PA721908,neu
1231921::PA330240,neu
1403339::PA841327,neu
3237537::PA720614,neu
2851844::PA1654,neu
4702709::PA720614,neg
263515::PA1654,neu
3822882::PA267285,neu
1471264::PA717161,neg
2528364::PA793624,neu
2977687::PA720614,neg
4531809::PA720614,neu
4695187::PA346782,neu
1908014::PA330240,neu
4627000::PA1654,neg
2796001::PA721908,neu
2258556::PA793444,neu
4509204::PA793464,neg
1806102::PA791812,neg
3227373::PA795318,neu
1795927::PA720614,pos
1723658::PA609332,neu
2729408::PA796078,neu
2226429::PA720468,neu
2556131::PA794008,neu
2619253::PA720892,neu
1842872::PA720614,neu
4698008::PA720614,neg
4684624::PA795076,neg
2712350::PA722142,neu
4686429::PA841207,neu
1830037::PA720146,neu
4559302::PA793444,neu
1410218::PA330240,neu
4719791::PA720614,neu
2347677::PA720892,pos
589173::PA1654,neu
1607885::PA722190,neg
1742637::PA720892,neu
4661957::PA791812,pos
4604660::PA720892,neu
2296862::PA346782,neu
1507549::PA330240,neu
117908::PA609332,neg
1219677::PA793464,neg
4719857::PA722142,neu
2674151::PA721202,pos
895953::PA721908,neu
589562::PA795746,neu
2819835::PA720614,pos
2354193::PA795318,neg
2820160::PA720614,neg
948405::PA267285,neg
1790596::PA842105,neg
4867982::PA720614,neu
945101::PA720614,neg
1428628::PA720614,pos
589744::PA720614,neg
2657502::PA795076,neu
1743217::PA721202,neu
526161::PA720614,neg
518524::PA720362,neu
2357724::PA720614,neu
2517406::PA793464,neg
2686707::PA720138,neu
4629223::PA720614,neg
2835346::PA722190,neg
589667::PA720614,neg
1182342::PA609332,neu
4554493::PA720614,neg
4592263::PA720614,neu
3491757::PA791812,neg
1702241::PA722190,neg
2692057::PA721202,neu
3507199::PA795912,pos
2820219::PA720614,neg
1467045::PA720614,neu
1781028::PA793432,neu
3819730::PA720468,neu
2350415::PA609332,neu
2973513::PA609332,neu
594679::PA841327,neu
4867143::PA720614,neu
251378::PA267285,neg
919522::PA720614,neu
1943672::PA842105,neu
4373142::PA791812,neg
4650165::PA720614,neu
4905341::PA841873,neu
4602740::PA794598,neu
4549547::PA609332,neu
1696013::PA720614,neg
1665695::PA720614,neu
2820041::PA720614,neg
2296579::PA267285,neu
2677522::PA610968,neu
4699927::PA720614,neg
1737153::PA722142,neu
1687828::PA1654,neu
4767147::PA720614,neg
2169241::PA721908,neu
3496888::PA609332,neu
421258::PA609332,pos
1237767::PA330240,pos
2006270::PA842155,neg
4608877::PA609332,neg
1737739::PA722142,neg
2733867::PA720614,neu
19354::PA719930,neu
896908::PA796034,neu
1624088::PA609332,neu
1678752::PA796090,neg
588548::PA791812,neu
1352655::PA795318,neu
2523677::PA720614,neu
1384316::PA720614,neg
4685990::PA791812,neg
1750545::PA609332,neu
2535::PA721024,neg
4389493::PA795778,neu
1182515::PA720614,neu
1804502::PA588884,neu
4599471::PA719372,neu
546680::PA720614,neg
2344760::PA722190,neu
4602515::PA719436,neu
4630747::PA720892,neu
1751572::PA722190,neg
2729964::PA793382,neu
1928084::PA720614,pos
1621680::PA720614,neu
2546926::PA720614,neu
2727445::PA795552,neu
4629131::PA720614,neu
4500502::PA721024,neu
3494937::PA791812,neu
588774::PA793444,neg
589745::PA720614,pos
3784240::PA795310,neu
4479091::PA795318,neg
4717983::PA793464,neg
4880026::PA720892,neg
4878001::PA720614,neu
2709296::PA826635,neu
1713350::PA720614,neu
1832138::PA791812,neu
1659507::PA719412,neg
4613013::PA841207,pos
1659910::PA717161,neu
2315793::PA793444,neu
1454366::PA720614,neu
1214610::PA609332,neg
2005592::PA791812,pos
4480889::PA795912,neg
2231323::PA720614,neu
4510777::PA720614,neu
960032::PA720614,neu
3713336::PA720614,neg
896838::PA330240,neu
190080::PA267285,neg
2829916::PA720614,neu
4476991::PA720614,neu
2148944::PA719930,neu
1319083::PA721908,neu
1763843::PA721960,neg
905915::PA720614,neu
4577390::PA795596,neu
2398612::PA720892,neu
896821::PA720614,neu
4463879::PA794118,neu
12949::PA720614,neg
1915608::PA795596,neu
1726597::PA722190,neg
130844::PA721908,neu
3592039::PA720614,neu
1465022::PA722190,pos
1767777::PA267285,neu
4518259::PA795664,neu
547929::PA795076,neg
1676029::PA720614,neg
251623::PA795318,neu
4586830::PA720614,neu
2407759::PA795912,neu
4554609::PA267285,neu
1806277::PA720614,neg
1182269::PA267285,neu
4594315::PA842105,neu
1777471::PA720614,neg
2354361::PA795466,neg
2942494::PA720614,neu
4442436::PA722190,neu
3581331::PA795318,neu
1224521::PA717161,neu
2575969::PA720100,pos
4716565::PA1654,neu
2733234::PA721202,neu
594717::PA795778,neu
2198360::PA722142,neu
2408154::PA720614,neu
926458::PA720614,pos
2357835::PA795778,neu
2359699::PA267285,neu
2355209::PA795552,neu
3114682::PA267285,neg
2644091::PA722142,neu
1234718::PA793444,neu
2349221::PA720892,neg
1674088::PA720614,neu
4482854::PA822617,neg
895321::PA267285,neu
2008759::PA793464,neu
1808203::PA794322,neu
1221167::PA796078,neu
2196734::PA368,neu
1997669::PA795912,neu
4630407::PA720614,neu
23741::PA720614,neg
4868996::PA1654,pos
1693719::PA720614,neg
4867394::PA720614,pos
4658063::PA1654,neg
4374057::PA795076,neu
1455918::PA1654,neu
1412616::PA722190,neu
4868360::PA796062,neg
2404724::PA346782,neu
1464929::PA841845,neu
1463041::PA795318,neu
4511449::PA793756,neu
170429::PA841495,neg
896708::PA722142,neu
1678227::PA722190,neu
2959535::PA721202,neu
4613553::PA720614,neu
2137804::PA330240,neu
1536963::PA719930,neu
1690261::PA720614,neu
4608889::PA720846,neg
4549225::PA1567,neu
4921545::PA794598,neu
4517098::PA330240,neg
1624429::PA1654,neu
4719357::PA267285,neu
2345824::PA720614,neu
2353941::PA720614,neu
1709863::PA720614,neu
2720339::PA720614,neu
27788::PA795884,pos
2612509::PA720614,neg
4873100::PA793444,neg
1608951::PA794582,neg
4599034::PA794562,neu
2816450::PA795746,neu
12957::PA720614,pos
1747377::PA720614,neu
1181905::PA267285,neu
4611012::PA720614,neg
1690376::PA793872,neg
2359157::PA795778,neu
3119231::PA721908,neu
1429061::PA720614,pos
594817::PA720468,neg
1662940::PA842155,neu
4601127::PA793464,neg
594453::PA609332,neu
2680924::PA795200,neu
2699882::PA720614,neu
1606009::PA722190,pos
2357442::PA720614,neu
1435939::PA720614,neu
1658713::PA717161,neg
137102::PA794106,neg
1784490::PA842105,neu
1430469::PA720614,neu
3498330::PA1567,neu
1464650::PA720614,neg
896334::PA1654,neu
2000083::PA791812,neg
1182509::PA609332,neu
4922203::PA721908,neu
2356430::PA720614,neu
1990802::PA720614,neu
1752952::PA720614,neu
1389647::PA1567,pos
4474306::PA791812,neu
594152::PA267285,neu
4389849::PA719930,neg
220563::PA795778,neu
182895::PA720614,pos
1786679::PA722190,neu
1803916::PA721202,neu
1917142::PA720614,neu
4870405::PA720614,neg
1221879::PA795318,neg
2172791::PA719930,neu
2898350::PA330008,pos
1915297::PA720614,neu
4611344::PA793444,neu
2010987::PA720614,neu
1944516::PA841207,neu
1196891::PA721908,neu
4580400::PA722190,neu
4557523::PA719930,neu
1670341::PA795076,neu
1653303::PA794322,neu
252714::PA719930,neu
2804486::PA722142,neu
2033727::PA330240,neu
1655591::PA720892,neu
2963315::PA722190,neu
1530478::PA721908,pos
2177027::PA720614,neg
4988044::PA720468,neu
4498869::PA793444,neu
1671839::PA720614,neg
4506753::PA330240,neg
2302757::PA794994,neu
2565350::PA720614,neg
4777531::PA793464,neu
905882::PA720614,pos
2832562::PA795318,neu
4562239::PA841207,neu
2998307::PA720614,neu
2583606::PA721908,pos
4609581::PA774960,neu
1785153::PA793464,neg
1182526::PA720614,neu
2831512::PA267285,neu
2801521::PA267285,neu
2407655::PA791812,neg
1883164::PA842155,neu
4554107::PA793464,neg
4606338::PA841207,neu
4871119::PA609332,neg
23722::PA720614,neg
1610551::PA791812,neg
1697516::PA267285,neu
1740629::PA722142,neu
2355137::PA795778,neu
1941202::PA720614,neg
2615368::PA794718,neg
3130997::PA722190,neg
2350059::PA720892,neu
4557224::PA722190,neu
4717496::PA795552,neu
1915481::PA793432,pos
1658754::PA720892,neu
4676824::PA717161,pos
2101390::PA841927,neu
4436471::PA722190,neu
4569917::PA721908,neu
2194011::PA607193,neu
4376902::PA720614,neu
4618020::PA795552,neu
12909::PA720614,neu
2646065::PA721908,neu
1234947::PA796062,neu
1659790::PA267285,neg
2554544::PA721908,neu
194813::PA720614,neg
136834::PA721210,neu
1951108::PA720614,neu
1688535::PA267285,pos
2178465::PA267285,neu
2787346::PA793464,neg
4705820::PA720892,neu
1207471::PA1567,neu
2711454::PA722142,neu
4612511::PA795664,neu
98782::PA720614,neu
1737176::PA720614,pos
1777747::PA720614,neg
4375186::PA795746,neg
2595741::PA1654,neu
578578::PA791812,neu
3708454::PA720614,neu
2539923::PA720468,neu
921593::PA795552,neg
2345016::PA793444,neu
1741034::PA609332,pos
4647986::PA720614,neu
1433090::PA1654,neu
1827527::PA722190,neu
1738943::PA795076,neu
2790913::PA794130,neu
1784149::PA721908,neu
2350386::PA717379,neu
4608482::PA609332,neu
1748324::PA794598,neu
1430644::PA720614,neg
1325592::PA717161,neg
1509699::PA794354,neu
2821334::PA720614,neu
2408454::PA588884,neu
1943600::PA842105,neu
2210344::PA942,neu
1204069::PA793464,neu
3596695::PA1567,neu
2402919::PA720468,neu
1672273::PA722190,neu
4603517::PA793398,neu
1733177::PA942,pos
2552525::PA720614,neg
2562928::PA720614,neu
2349572::PA720614,neu
2524005::PA794562,neu
1528776::PA722190,neu
258057::PA842105,neu
2350443::PA720614,pos
3931549::PA722190,neg
1184183::PA720614,neu
595502::PA721764,neu
2177494::PA720614,neu
1609804::PA721908,neu
3707555::PA720614,neg
469922::PA793444,neu
2357455::PA720614,neg
3663884::PA720614,neu
2526230::PA720614,neu
589052::PA793464,neu
5043211::PA794322,neu
2030032::PA330240,pos
2771568::PA330240,pos
2358004::PA721202,neu
251827::PA720614,neu
1181431::PA722190,neg
1512229::PA721960,neu
1884288::PA1654,neu
164882::PA720838,neu
2198726::PA841207,neg
4558094::PA793444,neu
1809624::PA722142,neu
1642440::PA1654,neu
1803150::PA720614,neg
3763841::PA719930,neu
1938751::PA720892,neu
957710::PA720614,neg
2557972::PA793432,neu
2535852::PA720614,pos
595099::PA330240,neu
574200::PA736201,neu
1408577::PA720614,neu
1712002::PA791812,neu
2819358::PA720614,pos
4370794::PA722190,neu
2406999::PA717379,neu
2402243::PA720468,neu
1239426::PA722190,neu
2900018::PA330240,neu
594247::PA795466,pos
1757699::PA720614,neu
2349460::PA793928,neu
1633678::PA793464,neg
1397254::PA720614,neu
1802913::PA720614,neg
1454004::PA795318,pos
1712726::PA793464,neg
1615414::PA841395,neu
1808669::PA842105,neu
1825028::PA267285,neu
2353762::PA795310,neg
2358107::PA720468,neu
129095::PA791812,neu
2584914::PA795076,neg
588769::PA793464,neg
2567714::PA793928,neu
1350461::PA841327,neu
1067921::PA722190,neu
1782572::PA794946,neu
4491123::PA795746,neg
2842423::PA609332,neu
2407449::PA330240,pos
1860035::PA1654,neu
2657063::PA609332,pos
1941358::PA795912,neu
2801135::PA720468,neu
1229733::PA793444,neu
1821261::PA842105,neu
1481535::PA330240,pos
1677202::PA720614,neu
1674613::PA720614,neg
2623947::PA721210,neu
1908279::PA720614,neu
4553837::PA720614,neu
4561347::PA720614,neu
1624451::PA1654,neu
1508892::PA793246,neu
2646120::PA722190,neg
2588901::PA791812,neu
2720713::PA722162,neu
2703959::PA842211,neu
1755420::PA1654,neu
2359277::PA794130,neg
1685978::PA720038,neu
1899476::PA722190,pos
1741200::PA791812,neg
2354267::PA721202,neu
96596::PA720614,neu
2675154::PA330240,neu
594925::PA795746,neg
2698397::PA794322,neu
2357494::PA720614,neg
1225902::PA720614,neu
1666016::PA720614,neg
1241112::PA609332,neu
2550052::PA720614,neg
1741547::PA643089,pos
1956022::PA720614,neu
4624344::PA722190,neu
2841669::PA720614,neg
4580875::PA841207,neg
1673751::PA720614,neg
83323::PA720614,neg
1778082::PA267285,neg
1208822::PA721908,neu
1694221::PA720614,neg
4634402::PA720614,neu
4518467::PA795318,neu
1438782::PA720614,neu
432399::PA720614,neg
4576306::PA609332,neg
4718672::PA793624,neu
594824::PA720614,neu
13850::PA609332,neu
473401::PA717161,neg
104299::PA722190,neg
323579::PA609332,neg
1005597::PA720614,neu
2215446::PA721202,neu
1890239::PA720614,neu
4876131::PA791812,neg
1810248::PA720038,neu
1462968::PA795552,neg
4412614::PA330240,neu
2705119::PA720614,neu
895414::PA1654,neu
16073::PA795778,neu
1181051::PA796018,neg
1929578::PA330240,neu
4516614::PA791812,pos
1408593::PA720614,neg
2398687::PA720614,neu
2710522::PA717161,neu
1241560::PA722142,neu
4716138::PA795046,neu
1213092::PA720614,neg
1832526::PA793432,neu
4922277::PA720614,neg
4703804::PA791812,neg
2834089::PA793872,neg
1832673::PA842105,neu
4868506::PA720614,neg
1181766::PA793432,neg
2979668::PA609332,neu
919816::PA720614,neu
4374629::PA330240,neu
1823669::PA793464,neu
4878704::PA793432,pos
1664728::PA793464,neg
1749708::PA720614,neu
4557166::PA330240,neu
4477335::PA267285,neu
1760066::PA793444,neu
594404::PA793464,neg
3246344::PA796062,neg
4466062::PA720614,neu
4584744::PA793756,neu
2403272::PA795912,neu
4783855::PA722190,neg
2702078::PA720614,neu
1654160::PA720614,neu
2289170::PA794118,neu
2584271::PA942,pos
4518243::PA267285,neu
3706984::PA720614,neu
232333::PA721908,neu
1856976::PA267285,neu
3833738::PA267285,neu
4613617::PA720614,neu
594412::PA794130,neg
1181835::PA720614,neu
4613404::PA841207,neu
10489::PA267285,neu
1732989::PA841023,neu
1645892::PA795616,neu
2822563::PA720614,neg
4577706::PA793624,neu
4575047::PA720614,neg
135053::PA793464,neg
2357175::PA720614,neu
1945410::PA793464,neg
4627267::PA642988,neu
3640387::PA720614,pos
4559835::PA722190,neg
2115704::PA720614,neu
1463221::PA795318,neu
1208702::PA794718,neu
470581::PA267285,neu
588820::PA267285,neu
1327582::PA720614,neu
1780417::PA795084,pos
1212907::PA795778,neu
1822003::PA720614,neu
79771::PA720614,neg
263723::PA720614,neg
2555144::PA1654,neu
2576521::PA722142,pos
4716627::PA720614,neu
1235577::PA720468,neu
1231378::PA720614,neu
3678390::PA719930,neu
1429761::PA720614,neu
3130972::PA720614,pos
2597427::PA721202,neu
1599179::PA722190,neu
2350065::PA720614,neu
1410837::PA609332,neu
1729257::PA826635,neu
1205345::PA720614,neu
2406514::PA609332,neg
2010346::PA794598,neu
4718578::PA267285,neu
4376022::PA795746,neu
1510371::PA795318,neu
139112::PA267285,neu
2315793::PA609332,neu
2707528::PA794022,pos
2588616::PA793464,neu
1748791::PA720614,neu
1434257::PA609332,neu
167833::PA720614,neg
4922083::PA720614,neu
589733::PA720614,neg
4597017::PA330240,neg
4637429::PA720614,neu
4870480::PA720614,pos
2408789::PA720614,neu
2673404::PA721908,pos
1346331::PA795778,neu
1490121::PA722190,neu
4649545::PA1654,neu
4616639::PA720614,neg
957935::PA795310,neg
3242746::PA793432,neu
1184960::PA609332,neu
3200::PA720614,neu
17446::PA720614,neu
4920883::PA721908,neu
896405::PA717161,neu
1939147::PA720614,neu
4619091::PA795076,neu
1855955::PA720614,neg
3824095::PA720614,neu
4593906::PA842105,neg
1816644::PA720614,neu
1743385::PA720614,neu
1242211::PA720614,neu
1426407::PA793444,neu
589224::PA720614,neg
1902284::PA720614,pos
3848648::PA368,neu
1895313::PA609332,neu
4559413::PA842105,neg
1050945::PA720614,pos
1784693::PA720892,neu
4875208::PA609332,pos
2993292::PA720614,neu
1240140::PA722190,neu
1642462::PA796062,neu
4554670::PA720614,neu
2689717::PA720614,neu
4645010::PA609332,neu
2197231::PA609332,neg
4717946::PA719938,neu
1222886::PA720614,neu
4866803::PA722190,neg
1890251::PA267285,neg
471233::PA720614,neg
1828871::PA721908,neu
1693563::PA720614,neg
1694110::PA720614,neg
2008281::PA720614,neu
588807::PA330240,neu
4609178::PA822617,neg
1780977::PA720614,pos
1752222::PA721908,neu
1509839::PA717161,pos
93066::PA720614,neg
4553827::PA720362,neu
589262::PA720614,neu
174420::PA722190,neu
2913207::PA609332,neu
1741817::PA720614,pos
2694367::PA795912,neu
2197762::PA842105,neu
2355762::PA2940,neu
4634102::PA795076,neu
2533203::PA720614,neg
4444481::PA793980,neu
2811048::PA609332,neg
4566470::PA722142,neg
1895157::PA720614,neu
1184137::PA721908,neu
1228568::PA795552,neg
4512086::PA721202,neu
1733133::PA720614,neu
1784496::PA720614,neg
1639118::PA721932,neg
2345079::PA720468,neu
1459716::PA795350,neu
1706050::PA720614,pos
4609034::PA717161,neu
1656453::PA721908,neu
2356429::PA720614,neu
2843994::PA721202,neu
4494171::PA842155,pos
2347839::PA795076,neg
2026435::PA720892,neu
1940566::PA722190,neu
2354275::PA721202,neu
4867146::PA722142,neu
23815::PA720614,neg
4501852::PA330240,neu
4718299::PA720614,neg
1937666::PA720614,neu
1441410::PA720614,neg
2274152::PA720614,neu
1238912::PA842105,neg
4591277::PA330240,neg
1649764::PA720468,neu
2346220::PA793444,neu
257639::PA791812,neg
4394445::PA722190,neu
1738677::PA609332,neu
4717733::PA722142,pos
2284096::PA794562,neu
2700156::PA720614,neu
2972354::PA722142,pos
1746220::PA721908,neu
1349627::PA793382,neg
1796895::PA842105,neg
1208391::PA643175,neu
2890391::PA720614,neg
2615007::PA794130,neg
894201::PA720614,neu
574946::PA721270,neu
595486::PA267285,neu
3508006::PA722190,neu
4564916::PA795722,neg
1428483::PA720614,pos
2407175::PA721202,neu
1606483::PA795778,neu
2399055::PA1654,neg
118356::PA720614,neg
2400279::PA796090,neg
896138::PA722190,neu
1613934::PA793432,neu
2617841::PA720430,neg
1234188::PA793444,neu
4623996::PA720614,neu
1883440::PA720614,neu
1742022::PA721908,neu
1747888::PA720892,neu
4554955::PA720614,neg
2925321::PA841657,neu
2832700::PA267285,pos
4894648::PA267285,neg
4574255::PA609332,neu
958727::PA720614,neg
28550::PA720614,neg
4603215::PA330240,neu
3762362::PA720614,neu
4566342::PA722190,pos
547453::PA722142,neg
1958617::PA795722,neg
2402261::PA267285,neg
789929::PA720614,neu
1448355::PA267285,neu
1428400::PA721024,neu
588513::PA722190,neg
1182792::PA793444,neg
2586576::PA721908,pos
4633390::PA794598,neu
4558236::PA842105,neu
1790121::PA330240,neu
1752160::PA609332,neu
1791742::PA722142,neu
896408::PA717161,neu
133228::PA720614,neg
1679092::PA719930,neg
2400331::PA722190,neu
2912422::PA609332,neu
2304849::PA643175,neu
2405394::PA793464,neu
1616016::PA721908,neu
2686865::PA796090,neu
4717328::PA796090,neg
1825787::PA720614,neg
1639358::PA795466,neg
2559119::PA842105,pos
4789646::PA720468,neu
2691657::PA720614,neg
1676235::PA793928,neu
1787696::PA720038,neu
593984::PA330240,neu
1651179::PA1654,neu
2210068::PA720892,neu
1711512::PA720614,neu
4754775::PA720614,neg
2399261::PA793464,neg
2711163::PA722150,neu
589658::PA722142,neu
1652919::PA717161,neu
2673680::PA793928,neu
98083::PA721896,neu
2988238::PA720614,neg
1474269::PA722190,pos
1448783::PA722190,pos
3115746::PA717161,neu
2568317::PA793464,neu
1165974::PA795552,neu
4548959::PA719930,neu
2348317::PA722190,pos
2592621::PA722142,neu
3234281::PA722190,neg
4479768::PA793432,neu
4573852::PA1654,neu
2020027::PA720614,neu
2353827::PA330240,neg
4874803::PA609332,neu
1931044::PA719930,neu
595684::PA793444,neg
1683545::PA793624,neu
4871599::PA722190,pos
1891160::PA720614,neu
1849596::PA794038,neu
1886654::PA330240,neg
4682170::PA841207,neu
257259::PA720614,neu
2621570::PA720614,neu
166616::PA1654,neu
2192105::PA719930,neu
1995365::PA793464,neu
1369816::PA346782,neu
2208250::PA720468,neu
3597759::PA722190,neu
920954::PA721210,neu
2675863::PA720038,neu
204201::PA720614,pos
200919::PA722142,neu
595713::PA793444,pos
960779::PA720614,neg
11837::PA794322,neu
1182534::PA717161,neu
2567011::PA1567,neu
4597660::PA609332,neu
1694160::PA720614,neg
1740453::PA721908,neu
2299653::PA942,neg
4866460::PA942,neg
4497976::PA722190,neu
4569144::PA722190,neu
3475066::PA720614,neg
1510230::PA793928,neu
1898724::PA793444,neu
4874513::PA720614,neg
4556844::PA267285,neu
1466391::PA720614,neu
1690106::PA335999,neu
18940::PA721202,neu
2358893::PA720614,neg
2356416::PA842105,neg
2619999::PA720892,neu
2343826::PA793444,neu
3867580::PA720468,neu
1324041::PA795596,neu
1733814::PA721908,neu
2743074::PA609332,neu
2720645::PA720892,neu
1185061::PA330240,neu
1470042::PA720614,neu
595567::PA796090,neg
4394337::PA722190,neu
895577::PA1654,neu
1354104::PA609332,neg
4554395::PA722190,neg
1701251::PA720468,neu
4686300::PA794354,neu
1653585::PA722190,neu
1183865::PA267285,neg
2702216::PA720614,neu
4590921::PA793444,neu
1855655::PA609332,neu
2188734::PA842001,neu
2913965::PA840903,neu
1710044::PA267285,neu
1996820::PA720614,neg
2672262::PA722142,neu
1657973::PA609332,neg
1752452::PA346782,neu
1236353::PA720614,neu
1206623::PA722190,pos
1703672::PA720614,neu
4706895::PA722190,pos
2697210::PA794598,neu
4537963::PA1654,neu
2351151::PA717161,pos
1627462::PA795722,neu
1698944::PA842105,neu
2533337::PA794802,neu
1465963::PA720614,neu
1536443::PA720892,neu
589794::PA720614,neu
1349454::PA1654,neu
594146::PA795318,neg
1766716::PA720614,neu
589771::PA720614,neg
4684239::PA841207,neu
2495768::PA721908,neu
4878661::PA330240,neu
251926::PA720614,neu
595685::PA330240,neu
4516636::PA330240,neu
1891160::PA793432,pos
1761625::PA795778,neu
1763624::PA720614,neg
2599395::PA1654,neu
4719209::PA720614,neg
2401386::PA722190,neu
4635048::PA643089,neu
3871519::PA720614,neu
2691657::PA793444,neu
1696401::PA720614,neu
1181597::PA267285,neg
251868::PA720614,neu
4548909::PA722190,neu
4374490::PA795076,neg
1461709::PA720614,neu
1457817::PA609332,neu
4650467::PA722142,neu
3240563::PA793736,neu
4549102::PA720614,neu
1436130::PA267285,neu
1986877::PA791812,neu
2800867::PA840983,pos
1913454::PA720614,pos
1834016::PA842105,neu
1784003::PA722190,neu
589899::PA720614,neu
24181::PA721908,neg
120013::PA330240,neg
81536::PA720614,neg
895634::PA267285,neu
2406221::PA719372,neu
1677622::PA609332,neu
2797624::PA795912,neu
2399011::PA795528,neu
2697594::PA721024,neg
4870373::PA720614,neu
2553055::PA1654,neu
3816568::PA793262,neu
1738696::PA795778,neu
3771499::PA720614,pos
2903001::PA793444,neg
1669442::PA720614,pos
194478::PA721210,neu
1918402::PA793134,neg
2725144::PA720100,neu
895911::PA793756,neu
557568::PA720614,neu
1885339::PA720614,neg
2687870::PA720614,neg
2542040::PA722142,neu
253671::PA717161,neu
2348275::PA330240,neu
2786956::PA720614,neu
1670989::PA795596,neg
2668777::PA720614,pos
4647211::PA720892,neu
1715376::PA720614,neu
2798964::PA793444,neu
2253714::PA722190,neu
1686603::PA267285,neu
2343850::PA720960,neu
1709485::PA720960,neu
2823056::PA720614,neu
1746892::PA330240,neu
4394312::PA719372,neu
1242117::PA722190,pos
3240065::PA720614,neu
2344266::PA793736,neu
1709077::PA795778,neu
4879357::PA722190,neg
2544489::PA791812,neu
4629494::PA1654,neg
594109::PA720614,neg
4890771::PA605745,neu
2769689::PA609332,neu
2565627::PA841515,neu
4511056::PA720614,neg
81771::PA720614,neg
1768160::PA720614,neu
1660948::PA720614,neu
3771024::PA721202,neu
2010957::PA841955,neg
4477719::PA267285,neg
2696918::PA330240,neu
2985406::PA722190,neu
2354508::PA793444,neu
2296::PA720614,neg
1693711::PA720614,neg
1857536::PA842105,neu
1769562::PA795746,neu
594197::PA795318,pos
1692755::PA720614,neu
252926::PA720614,neu
25799::PA717161,neu
2829736::PA793432,neu
2255625::PA793444,neu
1806148::PA720614,neg
1505616::PA267285,neu
2833254::PA721202,neu
1344665::PA720614,neu
4514837::PA721764,neu
1476196::PA721908,pos
1679359::PA267285,neg
258222::PA722190,pos
1952778::PA720038,neu
2846555::PA721202,neu
4555541::PA267285,neu
4683006::PA609332,neg
4370416::PA721908,neu
1918427::PA721202,neu
2599611::PA795050,neu
1430413::PA720614,neg
595247::PA793444,neg
2820218::PA720614,neg
2350087::PA720614,pos
1654391::PA795200,neu
4669223::PA791812,neg
1829047::PA720614,neu
4718588::PA793464,neg
2961870::PA793444,neu
1200353::PA267285,neu
1626072::PA842105,neg
1733802::PA609332,neu
4703496::PA722142,neu
4555089::PA795864,neu
525469::PA795310,neu
2819840::PA720614,neu
1730975::PA720614,neg
2351657::PA368,neu
1468973::PA1654,neu
1759233::PA793464,neg
2669649::PA720614,neu
593952::PA267285,neu
231602::PA793444,neu
1832170::PA842105,pos
16994::PA722190,pos
2348662::PA796090,neu
191758::PA795318,neg
2166272::PA721024,neu
2816149::PA720614,neu
2793072::PA720614,neu
4556293::PA793444,neu
2406986::PA720614,neu
2345379::PA1567,neu
1351281::PA267285,neu
4872494::PA720614,neu
181319::PA720614,neu
594051::PA793464,neg
2290992::PA267285,neu
1181893::PA720614,neg
1233663::PA796062,neu
4880115::PA722190,neu
3792672::PA795778,neu
594874::PA720614,neu
2612774::PA1567,neu
966149::PA608416,pos
1198229::PA795228,pos
1181085::PA793166,neg
594115::PA720614,neu
2198871::PA720614,neg
1610763::PA609332,neg
1228079::PA720614,neu
2197504::PA793444,neu
1690565::PA720614,neg
2349033::PA720468,neu
1713172::PA722190,neg
1964841::PA842105,neg
2408798::PA720614,neu
62484::PA793444,neu
2539638::PA330240,neg
2351140::PA796078,neu
1533::PA794670,neg
2834948::PA720468,neu
2204590::PA720822,neu
594767::PA720430,neg
2535286::PA609332,neu
4555807::PA842105,neu
1692875::PA720614,neg
2596388::PA720614,neu
1692959::PA720614,neu
895822::PA721202,neu
2526396::PA795466,neu
1534558::PA330240,neg
23232::PA796062,neg
4413414::PA609332,neu
251686::PA720614,neu
3708617::PA720614,neg
894592::PA720614,neu
2187025::PA721270,neu
4575319::PA721908,neu
1219533::PA794130,neg
1655092::PA720614,neg
181380::PA609332,pos
4610237::PA795552,neu
2357418::PA720614,neu
1698136::PA721908,neu
1702117::PA267285,neu
25052::PA722190,neg
580176::PA720614,neg
1627901::PA842001,neu
594828::PA720430,neg
1491446::PA793464,neg
2010020::PA791812,neg
4606224::PA227089,neg
2719473::PA267285,neg
1540898::PA722190,neg
169535::PA720614,neg
4589808::PA720614,neu
1699683::PA721202,neu
4611247::PA722190,neu
2713801::PA793432,neu
589691::PA720614,neg
2405799::PA720614,neg
134734::PA720614,neg
1181900::PA609332,pos
1949679::PA721202,neu
1660790::PA720614,neg
2563931::PA796062,neg
1519062::PA796034,neu
4724374::PA722190,neu
1408926::PA720614,neg
2350073::PA795912,neu
1678260::PA720614,neg
1687338::PA267285,neg
2197921::PA795528,neu
3507110::PA1654,neu
4716442::PA793464,neg
4641499::PA330240,neu
896604::PA609332,neg
1182481::PA720614,neu
4374297::PA794130,neg
2357534::PA840721,neu
4374383::PA720614,neu
4919610::PA721908,neu
2817702::PA720614,neg
191481::PA720614,neu
31256::PA791812,neg
4577340::PA795778,neu
2824272::PA795778,neg
2826555::PA720614,neu
2357849::PA722190,neu
2802660::PA794130,neu
1664818::PA795912,neg
196792::PA720614,neg
1747378::PA721908,neu
2357408::PA720614,neg
2552538::PA720614,neg
78313::PA719930,neu
4391288::PA722190,neg
2196735::PA368,neu
4604148::PA722142,neu
4746672::PA609332,neu
1695352::PA720614,neg
4554196::PA720100,neu
4590109::PA721908,neu
4617211::PA794946,neg
1757932::PA1654,neu
4870476::PA722190,neu
3767310::PA722190,neu
4585599::PA796062,neu
2349662::PA795746,neg
4574066::PA720614,neu
1446286::PA795318,neg
2000635::PA793432,neu
1666034::PA720614,neu
1732900::PA717161,neg
1509307::PA609332,neu
1402515::PA796078,neu
1375925::PA721202,neu
2197684::PA842105,neg
4879651::PA720614,neu
1051642::PA720614,neu
574550::PA720614,neu
1810436::PA791812,pos
1082405::PA722142,pos
1183581::PA722142,neg
2350140::PA720614,neu
4554694::PA267285,neg
2352391::PA795528,neu
3131747::PA722190,pos
4600824::PA720614,pos
4871851::PA720614,neu
2688759::PA330240,pos
2720283::PA720892,neu
2639412::PA720614,neu
2013359::PA795596,neg
1746677::PA720614,neu
2564016::PA793708,neg
1698503::PA722190,neg
595034::PA720614,neu
2877850::PA720614,neu
2402337::PA267285,neu
2815536::PA795466,neu
1473545::PA721908,neg
2913592::PA609332,pos
1888361::PA795778,neu
353496::PA720614,neu
4879463::PA720614,neu
1658512::PA794008,neu
589408::PA796090,neu
2348587::PA793444,neu
2359514::PA795778,neu
4921857::PA793444,neu
2402624::PA720614,neu
257022::PA1654,neu
206146::PA722190,neg
1415785::PA793444,neu
2603836::PA793432,neu
1664839::PA267285,neg
2618120::PA720614,neu
896903::PA1654,neu
2550487::PA720614,neu
1432182::PA720614,neu
4572475::PA330240,neu
4374957::PA842155,neg
5047724::PA720468,neu
2360568::PA795778,neu
4554613::PA719938,neu
3490843::PA791812,neg
4554231::PA609332,neg
2359187::PA796090,neg
3494898::PA842105,neu
3686106::PA267285,neu
2406495::PA720892,neu
2344942::PA717379,neu
2356760::PA1654,pos
1924005::PA720038,neu
1820903::PA1654,neu
3492420::PA795912,neu
2540263::PA609332,neu
2724419::PA719930,neg
1684087::PA609332,neg
895599::PA720614,neg
3532584::PA793464,neu
2703548::PA717379,neu
1954158::PA720614,neg
1731683::PA842155,neu
546364::PA720614,neg
4373218::PA722190,neu
1745121::PA795778,neu
4615422::PA609332,neu
4502962::PA721908,neu
951357::PA795318,neu
4688496::PA719930,neu
4372604::PA795552,neg
895567::PA267285,neu
4608837::PA796062,pos
1712211::PA720614,neu
896269::PA720614,neg
181878::PA796062,neg
3833215::PA721202,pos
1826366::PA720468,neu
2315523::PA720614,neg
2352894::PA720614,neu
4877598::PA722190,neu
81495::PA720614,neg
2175792::PA1654,neu
4716174::PA842105,neu
1684950::PA720614,neg
4577018::PA722190,neu
2448119::PA720614,neu
182877::PA720614,neu
1515174::PA793464,neu
4563608::PA720892,neu
1695476::PA796090,neu
4471919::PA720614,neu
4869576::PA793444,neu
594685::PA793444,neu
4626245::PA719930,neu
4570816::PA721270,neu
1183155::PA720614,neu
4563751::PA722190,neg
905791::PA330240,neu
197018::PA719930,neu
3605356::PA610968,neu
2580165::PA720614,neu
1782085::PA720468,neu
2721901::PA720614,neg
2197961::PA609332,neu
2359667::PA720614,neg
594332::PA346782,neu
4663126::PA722142,neu
422813::PA720614,neu
881379::PA722142,neg
2408526::PA722142,neu
595259::PA795076,neg
2360310::PA722142,neu
1442276::PA1654,neu
4627540::PA720614,neu
4872784::PA1654,neg
1621610::PA720614,neu
4548206::PA793572,neu
1660718::PA609332,neu
1633113::PA796090,neg
1360416::PA609332,neg
177949::PA722142,neu
1729979::PA609332,neu
2651273::PA719930,pos
4871618::PA720614,neu
1798970::PA793398,neu
2633236::PA720614,neu
1810555::PA720468,neu
2710890::PA795778,neu
2598595::PA722190,neu
2205764::PA721908,neu
2622622::PA1654,neu
1656797::PA721908,neu
1694688::PA841207,neu
4550151::PA720614,neg
1748055::PA720614,neu
4460742::PA720614,neg
3491287::PA795912,neg
1784290::PA791812,neg
1732933::PA722190,neu
4705863::PA1654,neu
15049::PA720614,neg
2197037::PA793444,neu
4613950::PA719930,neg
1782804::PA720614,neg
2407364::PA722190,pos
1685075::PA720614,neu
1608906::PA840809,neg
4549100::PA720614,neg
1616681::PA330240,neu
1686560::PA267285,neu
1681011::PA720614,neu
2788692::PA795076,neg
2901839::PA609332,neu
4554181::PA722190,neg
1736109::PA720614,pos
4374189::PA721210,neu
2354218::PA721202,neu
4377286::PA720614,neu
1939373::PA795228,neg
1694008::PA720614,neg
1821345::PA793432,neu
201799::PA720614,neg
2787135::PA720614,neu
1214046::PA609332,neu
2813472::PA793444,neg
1232067::PA720614,neu
473619::PA793444,neu
1744229::PA720614,neg
258624::PA721202,neu
4620148::PA722190,neu
1895922::PA794130,pos
1748105::PA722142,pos
4518275::PA842105,neg
1221426::PA720468,neu
2348907::PA721202,neu
533372::PA717161,neu
4681445::PA842105,neg
1632969::PA796090,neu
80929::PA720614,neg
2355578::PA795552,neu
3228812::PA720614,neg
2329704::PA1567,neu
1748868::PA720614,neg
4635522::PA330240,neu
2630292::PA717161,pos
584949::PA722190,neu
2408449::PA795046,neu
1816912::PA720614,neu
895192::PA609332,neu
1878756::PA720614,neu
3492528::PA1654,neu
1826602::PA722190,neu
4608586::PA720614,neg
4374144::PA720614,neg
4569431::PA720614,neu
588735::PA720614,pos
895712::PA720614,neg
588832::PA795746,neg
595438::PA842105,neu
1631864::PA793464,neg
4626520::PA721908,neu
1434310::PA720614,neg
1768589::PA796090,neu
255886::PA794130,neg
1658014::PA795318,neu
1240770::PA267285,neu
2794696::PA842155,neg
1773667::PA330240,pos
1696399::PA720614,neg
1695006::PA720614,neg
2648963::PA720614,neu
4673655::PA720614,neu
2197445::PA720614,neu
2788255::PA795318,neg
251905::PA720614,neu
1182387::PA795318,pos
1182587::PA609332,neg
2531594::PA795228,neu
1676976::PA793928,neu
1657784::PA717161,neu
3507147::PA842105,neu
2557481::PA330240,neu
73601::PA793464,neg
2345370::PA720614,neu
32249::PA721202,pos
4648801::PA609332,neg
2347949::PA795778,neu
1781864::PA720614,neu
1781577::PA720614,neu
1718576::PA720092,neu
1718849::PA720614,neu
2026043::PA842105,neg
2350787::PA793464,neu
4390002::PA340343,neu
1684233::PA609332,neu
2883969::PA721908,pos
4583785::PA794322,neu
4868223::PA267285,neg
2553874::PA720614,neu
1787930::PA720614,neg
1356024::PA721024,neu
1807237::PA720614,neu
589838::PA330240,neu
2345668::PA795722,neu
3698068::PA720614,neu
2402018::PA588884,neu
3130856::PA720614,neg
2883185::PA720362,neu
4502781::PA720468,neg
1882828::PA795912,neu
3193247::PA720614,neg
4621220::PA720892,neu
594720::PA720614,neu
4701700::PA720614,neu
1182817::PA267285,neu
588825::PA796090,neu
2406358::PA368,neu
2286534::PA720614,neg
3240449::PA842255,neu
4681570::PA609332,neg
2339643::PA722190,neu
1737038::PA841463,neu
1720737::PA330240,neu
4870249::PA609332,neg
2348152::PA720468,neu
895037::PA720614,neu
1763420::PA720614,neg
1733347::PA722190,neg
2900629::PA720614,neu
1970550::PA840809,neg
1221167::PA793464,neg
1232777::PA720614,neu
13132::PA720614,neg
313259::PA267285,neu
2008759::PA793756,neu
1523776::PA1654,neu
595405::PA722142,neu
4922750::PA720892,neu
73145::PA722142,neu
1903346::PA793464,neu
594382::PA720614,neu
1762242::PA795318,neu
4595580::PA720614,neu
4584543::PA719930,neu
1833333::PA841873,pos
2403705::PA717379,neu
1659710::PA719930,neg
1794367::PA720614,pos
4621629::PA722190,neg
1742869::PA1567,neu
2550920::PA720614,neg
4654363::PA720614,neg
1416262::PA719930,neu
1226744::PA720614,neu
425909::PA720614,neu
4555534::PA720614,neg
4390804::PA721908,neu
951946::PA722142,neu
1873018::PA841067,neg
4597283::PA942,neu
1730381::PA330240,neu
3821820::PA796090,neu
1732458::PA717161,neu
1212763::PA720614,neu
4717849::PA609332,pos
1666021::PA841207,neg
589920::PA795466,neg
1996179::PA791812,neg
4620631::PA720892,neu
203574::PA722142,neg
1859460::PA720614,neu
3731679::PA267285,neu
2026672::PA793444,neu
4598622::PA719930,neu
1651097::PA795200,neu
1195769::PA609332,neu
594866::PA720614,neg
2398723::PA795778,neu
2607368::PA794022,pos
4696153::PA720614,neg
1763443::PA720614,neg
2919435::PA719930,neu
4512475::PA609332,neu
2689266::PA609332,neu
2620439::PA722142,neu
1687067::PA720614,neu
2690978::PA1654,neu
1217815::PA267285,neg
1924406::PA330240,neg
2621815::PA609332,neu
2564302::PA720614,neu
4718926::PA720614,neu
1829614::PA346782,pos
1673560::PA720614,neg
1697568::PA720614,neg
2805186::PA267285,neg
4637526::PA368,neu
4629664::PA793464,neu
1843341::PA722190,neu
1221834::PA720614,neg
2836375::PA842105,neg
4599390::PA720614,neu
1426879::PA841207,neu
2340147::PA719372,neu
2822117::PA795076,neg
594673::PA841515,neg
1912909::PA841207,neg
4581285::PA720614,neu
1749503::PA609332,neg
574530::PA794486,neg
4625810::PA720614,neu
4672293::PA720614,pos
978784::PA722190,neu
1867230::PA795318,neg
1693573::PA720614,neg
181618::PA793444,neg
2502284::PA722190,neu
4575596::PA793444,neu
1702197::PA267285,neu
1952916::PA722142,neu
2319509::PA720614,neu
4482063::PA267285,neu
4719511::PA722142,neg
896645::PA608416,neu
2837218::PA796090,neu
594701::PA720614,neu
3127275::PA720614,neu
1183430::PA721908,neu
4563264::PA720614,neu
13330::PA720614,neg
4522594::PA795912,neu
1477120::PA717161,neu
2223840::PA794008,neu
3934250::PA609332,neu
2607824::PA794130,neg
2197490::PA842105,neu
3795399::PA720614,neu
1461823::PA842279,neu
4602866::PA721210,neu
1401003::PA795076,neu
1506057::PA722190,neu
1660863::PA793246,neu
2348680::PA796090,neg
1857621::PA722190,neu
4554262::PA722190,neu
2402921::PA720468,neu
1881191::PA720614,neg
4593430::PA841207,neg
1677548::PA793756,neg
1763842::PA722190,neu
1676079::PA720614,pos
589387::PA267285,neg
4702738::PA795778,neu
1181979::PA609332,neu
2399572::PA795552,neu
1940300::PA791812,neg
2887362::PA722190,neu
1681008::PA720614,neg
3742862::PA720614,neu
181718::PA720614,neg
1811701::PA720614,neu
1045704::PA719632,neu
1793111::PA720614,neg
2353668::PA841853,neu
4870383::PA720614,neg
1935935::PA720614,neu
1666053::PA720614,neg
1705165::PA721202,neu
27270::PA722190,pos
896426::PA795076,neg
325615::PA607553,neu
1741218::PA791812,neg
2902848::PA720614,pos
1448408::PA795596,neu
1442980::PA796062,neu
551606::PA795076,neg
1808957::PA720614,neg
1599102::PA795912,pos
2816451::PA722142,neu
3695295::PA795778,neu
2401472::PA1654,neu
4719212::PA794130,neg
117874::PA720614,neu
3823297::PA267285,neg
4574735::PA720614,neu
2939524::PA721202,neu
1784485::PA842155,neu
1228796::PA267285,neg
3490749::PA1654,neg
1651655::PA841515,neu
2357665::PA722190,neu
1694049::PA1567,pos
582928::PA720614,neu
4496143::PA791812,neu
4560862::PA722142,neu
4548679::PA722190,pos
1484595::PA794354,neu
1842657::PA841207,pos
2177477::PA720614,neg
4617109::PA720614,neg
2350276::PA721202,neu
2346610::PA720614,neu
4589233::PA720614,neu
1695831::PA793432,neg
1889786::PA722190,neu
1783140::PA588884,neg
2355958::PA720468,neu
103702::PA721202,neu
4576199::PA722190,neg
4656233::PA720892,neu
4670547::PA796090,pos
1459115::PA722190,neg
1210204::PA720614,neg
4878912::PA721908,neu
1610785::PA791812,neu
1650740::PA267285,neu
4636322::PA793444,neg
1608429::PA642847,neu
540233::PA267285,neu
1750295::PA720614,pos
1666673::PA267285,neu
12917::PA793708,neu
4376105::PA722142,neu
2177927::PA721202,neu
4439887::PA722190,neu
2584080::PA267285,neg
2660436::PA720614,neg
4532617::PA791812,pos
1416620::PA719930,neu
2358526::PA720892,neu
1076574::PA717161,neg
2790533::PA795778,pos
2803591::PA720614,neg
1213087::PA720614,neg
1182532::PA720614,neg
4873178::PA793394,neu
3218531::PA841183,neu
4473928::PA793756,neg
2565550::PA720614,neu
4715997::PA722190,neg
1785423::PA795318,neu
2542753::PA722190,neg
1766296::PA793928,neu
1182138::PA720614,neg
173533::PA721908,neu
2546963::PA267285,neg
2321125::PA720614,neu
4576427::PA1654,neu
594253::PA795528,neu
2349611::PA795310,neu
1789621::PA795912,pos
1784781::PA720614,neg
2343653::PA795318,neu
4671264::PA330240,neu
1448642::PA267285,neu
17730::PA720892,neu
4611835::PA330240,neu
2212723::PA717379,neu
3119230::PA721202,pos
1812142::PA720614,neg
4515499::PA794322,neu
4561595::PA330240,neu
3492454::PA335612,neu
1609059::PA720614,neu
2345037::PA793464,neg
3235402::PA794838,neu
231703::PA1654,neu
4782436::PA841207,neg
895296::PA793432,neg
5048275::PA330240,neg
1751919::PA795722,neg
77860::PA609332,neu
2406223::PA267285,neu
3602751::PA720614,neg
1372637::PA1654,neu
1791433::PA720614,neu
1731916::PA1654,neu
2814370::PA793464,neg
895510::PA720614,neg
1797733::PA720614,neg
2803082::PA720614,neg
1666124::PA720614,neg
251743::PA720614,neu
2357092::PA720614,pos
589704::PA796090,neg
5047728::PA720614,neu
1407202::PA267285,neu
2351813::PA722190,neu
1676898::PA793872,neg
1711508::PA720614,neu
3494110::PA721960,neu
1933702::PA721908,pos
1812731::PA842105,neu
2231200::PA720614,neu
2657864::PA1654,neu
2357463::PA720614,pos
1674227::PA721202,neu
540752::PA720614,pos
1667354::PA722190,neu
4372669::PA722142,neu
1409669::PA794838,neu
4608068::PA722190,neg
1880205::PA1654,neg
1735745::PA720614,neg
2688995::PA722190,neg
1608356::PA793444,neu
2404590::PA795778,neu
4394533::PA1654,neu
2471373::PA720614,neu
1618695::PA330240,neu
1213068::PA720614,neu
4557812::PA793444,neu
1630356::PA609332,neu
2605205::PA720614,neg
2013088::PA717161,neu
254800::PA267285,neg
4631013::PA795164,neu
895460::PA330240,neg
1723919::PA330240,neu
4511065::PA720614,neu
1621588::PA330240,neu
2489959::PA720614,pos
4634326::PA721908,neu
588904::PA796090,neg
4702763::PA793464,neu
23645::PA720614,neg
2528002::PA609332,neu
1182511::PA720614,neu
1612822::PA609332,neu
2604201::PA720614,neu
1483267::PA721908,neu
2675658::PA796062,neu
2992872::PA720614,neu
594245::PA717161,pos
1694218::PA720614,neg
1221647::PA609332,neu
4555455::PA1654,neu
1760699::PA720614,neu
175424::PA719930,neu
3498520::PA330240,neu
2359170::PA795778,neu
2357587::PA722190,neu
3492728::PA793432,neg
4463949::PA720614,neg
1225375::PA720614,neu
1181221::PA721908,neu
3492753::PA793464,neg
4607665::PA795076,neu
2692287::PA794718,neu
1685207::PA720614,neg
1422961::PA267285,neu
4563166::PA793756,neg
2408814::PA720614,neg
1634014::PA793398,neu
1687572::PA720614,neg
4522232::PA330240,pos
4718249::PA267285,neu
1674846::PA720614,neg
473505::PA722190,neu
2402528::PA609332,neu
1082968::PA794038,pos
5022850::PA335999,neu
4877492::PA722190,neu
182731::PA609332,neg
1813773::PA842105,neu
1944167::PA842105,pos
2196072::PA722190,neu
2019764::PA720614,neu
1820739::PA841657,neu
4716922::PA719372,neu
2695004::PA721202,neg
2596577::PA793464,neu
1181809::PA720614,neu
894290::PA722190,neu
8891::PA720614,neg
1989638::PA720468,neu
2799837::PA720614,neu
4458948::PA330240,neg
2358727::PA795722,neu
4728442::PA722190,neu
1914775::PA795318,neg
202627::PA1654,neu
3932380::PA793444,neu
3131788::PA722190,neg
1486397::PA1654,neu
1738661::PA722190,neu
2803395::PA330240,neu
589755::PA720614,neg
4880097::PA722190,neg
4867062::PA942,neu
1801974::PA720614,neg
4589281::PA1654,pos
1748953::PA720614,neg
589335::PA795552,neu
4652149::PA795722,neg
2408712::PA793444,neu
1666048::PA720614,neg
1242185::PA267285,neg
1763557::PA720614,neu
1780925::PA841207,neg
895820::PA793444,neu
1439812::PA721908,pos
12767::PA720614,neg
1698099::PA795076,neu
2707029::PA642695,neu
3495584::PA795588,neg
2787195::PA721210,neu
2900018::PA267285,pos
2309749::PA721024,neu
1478369::PA643175,neu
4548765::PA722190,neu
2956280::PA267285,neu
139960::PA794486,pos
4554197::PA720614,neg
595730::PA721202,neg
846298::PA720614,neu
9143::PA609332,neu
134560::PA330240,neg
1786747::PA609332,neu
1240153::PA720614,neg
4876511::PA793464,neg
1182002::PA267285,neu
1387659::PA720614,neu
1684662::PA722142,neu
2564277::PA330240,neu
175140::PA609332,neu
4674158::PA722142,neu
2353083::PA720614,neu
2403884::PA330240,neu
2830620::PA643089,pos
23861::PA720614,neg
4575305::PA720614,neu
136675::PA267285,neu
259987::PA841947,pos
4876423::PA841139,neu
1684285::PA720614,neu
861751::PA794598,neu
1663471::PA720614,neg
1506117::PA267285,neu
1632698::PA796090,neu
20638::PA794038,neu
1708029::PA722142,neg
1690947::PA791812,neu
1650766::PA721202,pos
4630247::PA795076,neu
2528930::PA720614,neg
1676667::PA267285,neu
14154::PA2940,neu
1819587::PA720614,neu
4472732::PA721202,neu
5021283::PA330240,neg
1691417::PA722190,neu
1519900::PA1654,pos
2523497::PA720614,neg
2539017::PA774954,neu
1939235::PA720614,neu
2546509::PA720614,neu
595346::PA721202,neg
2408862::PA722142,neu
2351221::PA717161,neu
4876538::PA267285,neu
3779233::PA719930,neg
2356899::PA720614,neu
1236643::PA717161,neu
2790566::PA722142,neu
921025::PA720614,neg
2887221::PA720614,neu
2358178::PA720892,neg
1611121::PA796090,neu
1744043::PA719930,neu
4549245::PA791812,neu
1976458::PA793444,neu
3116041::PA267285,neu
2949891::PA793262,neu
4658650::PA720614,neu
1504465::PA720614,neg
3462906::PA722190,neu
2398862::PA794130,neu
2356926::PA720614,neu
98915::PA720614,neg
894675::PA791812,neu
4555247::PA794802,neu
1704956::PA720614,neu
1434377::PA795466,pos
2408209::PA720468,neu
1510167::PA267285,neu
2401997::PA795552,neu
1719407::PA720614,neu
77315::PA720614,neu
1673791::PA720614,neg
4739317::PA795076,neu
1781025::PA720614,pos
2350401::PA795746,neu
4556640::PA720614,neu
4372498::PA793464,neg
3130973::PA720614,neu
1626967::PA719372,neu
23656::PA794130,neg
1650900::PA267285,neu
317220::PA795920,neu
2357150::PA793464,neg
2402843::PA722190,neu
4490876::PA330240,neu
894916::PA1654,neu
127984::PA720614,neu
2346057::PA267285,neg
4519660::PA609332,neu
1382682::PA720614,neg
1665973::PA720614,neg
2823794::PA795318,neg
4563002::PA720892,neu
2197975::PA720892,neu
1320437::PA795076,neg
594376::PA720614,pos
4876971::PA720614,neg
589701::PA720614,neg
589168::PA720614,neu
1666335::PA720614,neg
2576513::PA721908,neu
2357893::PA267285,neg
238885::PA795050,pos
2407872::PA793464,neg
2908016::PA721908,neu
1384302::PA720614,neg
4463730::PA722190,pos
895262::PA267285,neu
4716034::PA722190,neg
1937419::PA720614,neu
1777197::PA720614,neg
518161::PA720614,neu
4568843::PA609332,neu
17456::PA793464,neg
1208566::PA609332,neg
4875190::PA609332,neu
535270::PA795552,neu
896969::PA721908,pos
1201527::PA793464,neg
1692516::PA1654,neu
121415::PA267285,neu
1666015::PA720614,neg
2715136::PA720614,neg
2673635::PA267285,neu
1725194::PA717379,neu
4389967::PA720614,neu
1834582::PA609332,neu
4891770::PA330240,neu
2545243::PA793464,pos
1619522::PA720614,neg
595039::PA794130,neg
4607276::PA722190,neu
589402::PA267285,neu
1183771::PA722190,neu
141828::PA720614,neu
2828813::PA794130,neg
2205297::PA610002,neu
2691721::PA720614,neu
253507::PA795318,pos
4518962::PA720614,neg
13083::PA720614,neg
2724487::PA793928,neu
2349946::PA720614,neu
1192322::PA720468,neg
4706090::PA720892,neg
1181101::PA841023,neu
4620339::PA791812,neg
2402519::PA720614,neu
573684::PA793464,neu
2701962::PA759832,neu
2788753::PA721202,neu
1901240::PA842029,neu
1510239::PA719938,neu
4878875::PA330240,pos
4683473::PA720614,pos
1328890::PA722190,neu
73167::PA330240,neg
1692080::PA609332,neu
1748211::PA720614,neu
1404429::PA795318,pos
2715122::PA795778,neu
2351760::PA793624,neu
2010948::PA720614,neg
1730720::PA720614,neu
2348848::PA720614,neg
19818::PA793464,neg
2198117::PA721908,neu
1520865::PA722142,neu
1742812::PA267285,neg
4589047::PA720614,neu
1739536::PA720614,neu
2407208::PA720614,neu
2591302::PA720614,neg
4550189::PA720614,neg
2615404::PA720976,neg
1650970::PA720614,neu
2721578::PA717161,neu
196898::PA330240,neu
4871661::PA942,neu
2706670::PA795164,neu
2345818::PA793464,neg
4548514::PA722190,neu
2357703::PA722190,neu
2345444::PA720468,neu
2399192::PA793464,neu
1531398::PA720614,neu
2560133::PA842105,neu
1765026::PA720614,neg
1051493::PA795318,neu
2358307::PA267285,neu
4743054::PA842263,neu
4706315::PA795528,neu
2404550::PA720614,neu
1181491::PA267285,neu
2609833::PA267285,neu
1808470::PA721908,neu
1720123::PA721908,neu
3826376::PA795466,neg
2275416::PA609332,neu
1694842::PA720614,neg
1623409::PA793444,neu
18900::PA1654,neu
2345725::PA795244,neu
1835324::PA330240,neg
4373222::PA330240,neu
1757798::PA795722,neu
1891695::PA720614,neg
1742670::PA1654,neu
1225099::PA721908,neu
5021607::PA368,neu
1693564::PA720614,neg
1673781::PA720614,neg
1674046::PA793444,neu
1233627::PA720614,neu
2348674::PA717379,neu
323838::PA267285,neu
2350066::PA841515,neu
4561425::PA721908,neu
1656396::PA720614,neu
1976154::PA793444,neu
4597101::PA719938,neu
1736213::PA330240,neu
2834907::PA609332,neu
1656617::PA717161,neu
1695460::PA719930,neu
1181896::PA267285,neg
4567192::PA720614,neg
196881::PA722190,neg
1665899::PA720614,neg
2687692::PA330240,neg
594694::PA720430,neu
2349628::PA720892,neu
1939882::PA720614,neu
1826601::PA720038,neu
1774984::PA1654,neu
2395995::PA722190,neu
589032::PA796062,neg
73888::PA722190,neu
1886292::PA791812,pos
4500607::PA722190,neu
4576284::PA795310,pos
1352836::PA720952,neu
3492929::PA722142,neu
1940034::PA841207,neg
2673601::PA588884,neu
10801::PA720614,neg
896838::PA720614,neu
1372132::PA720614,neu
3586576::PA721314,neg
2346618::PA841183,neu
4719413::PA720614,neg
2401261::PA720952,neg
317605::PA267285,neu
1443013::PA717161,pos
2360350::PA1567,neu
3652728::PA609332,neu
1752728::PA720614,neu
3241486::PA720614,neu
2167357::PA795552,neu
1713563::PA267285,neu
4705247::PA1654,neu
1694612::PA720614,neu
4702939::PA1654,neu
1785297::PA720614,neu
896283::PA796062,neg
1697596::PA267285,neu
2356124::PA722142,neu
1183651::PA793464,neu
1815046::PA721202,neu
1788039::PA795912,neu
4438354::PA1654,neu
2356994::PA795778,neu
1898837::PA720614,pos
2008695::PA721764,neu
2820031::PA720614,neu
1785876::PA719930,neu
4623583::PA795722,neu
2404808::PA795552,neu
2191382::PA794486,neg
1224980::PA793444,neu
4605861::PA795778,neu
180012::PA1567,neu
4633378::PA795318,neu
2401843::PA1567,neu
4603835::PA794322,neu
1629001::PA840809,neg
2230677::PA720614,neu
1695166::PA720614,neu
260241::PA722150,neg
4372389::PA720614,pos
2197388::PA720614,neg
4511656::PA722190,pos
4871919::PA722142,pos
4558540::PA719930,neu
4591687::PA588884,neu
2349403::PA720614,neu
1241697::PA720614,neu
1631886::PA795912,neu
595429::PA720614,neu
2343656::PA759832,neg
4467963::PA1654,neg
1650636::PA791812,neg
4457052::PA722190,neu
2230448::PA720614,neu
4868309::PA720614,neg
782078::PA720614,neu
1184135::PA796062,neu
197508::PA722142,neu
2672305::PA722190,neg
2918254::PA720614,neu
4518318::PA795310,neu
2307720::PA791812,neg
4518876::PA609332,neu
2572854::PA267285,neg
1608951::PA795076,neu
905801::PA793444,neg
4612055::PA793444,neu
2715310::PA720952,neg
3710086::PA720614,neg
1382709::PA720614,neg
4867154::PA720614,neu
1688550::PA720614,neu
4718304::PA720614,neg
1667098::PA267285,neu
3124141::PA722252,neu
1953682::PA720614,pos
1750424::PA722190,neu
2700131::PA794906,pos
1214985::PA795318,neg
4555597::PA722150,neg
1930123::PA1654,neu
2595308::PA720614,neu
3115777::PA722190,neu
1659761::PA795318,pos
4607523::PA942,neg
5021009::PA793432,neu
4559919::PA722190,neg
258586::PA842299,neu
1806745::PA720614,neu
94574::PA720614,neu
253011::PA793624,neu
589374::PA722142,neu
4870878::PA722190,neu
1747524::PA795164,neu
4909199::PA720614,neu
2534678::PA720038,neu
881408::PA720614,neu
1742732::PA720614,neu
240494::PA717161,neu
2804515::PA720614,neg
2572583::PA720614,neg
3707723::PA720614,neg
2716907::PA720614,neg
1768834::PA721024,neg
2693646::PA720468,neu
1835983::PA719930,neu
4571508::PA791812,neu
2546351::PA793398,neu
1943806::PA795912,neg
1857286::PA267285,neg
4565873::PA720614,neu
2685341::PA605782,neu
2708158::PA794130,neg
1798641::PA720614,neg
136589::PA720614,neu
4489740::PA793432,neu
4519287::PA720468,neu
2821333::PA722190,neu
1731024::PA793094,neu
1051647::PA720614,neg
962786::PA721908,neu
1666161::PA720468,neu
589815::PA720430,neg
1707173::PA795046,neg
1693674::PA795552,neg
595603::PA795466,neu
1487492::PA791812,neg
1612495::PA841327,neu
1208863::PA720614,neu
2008695::PA588884,neg
3707218::PA720614,neg
1051014::PA720614,neg
4877340::PA720614,neu
893613::PA720614,neu
1051023::PA720614,neg
2897475::PA791812,pos
2820138::PA793464,neg
1222350::PA795318,neg
4718102::PA267285,neu
2400014::PA795076,neg
964616::PA720614,neg
4470459::PA267285,neu
4614607::PA722142,neg
4553929::PA793624,neu
589001::PA796062,neu
1068127::PA795778,neu
2830730::PA842105,neu
2716300::PA841183,neu
1238915::PA791812,neg
1051724::PA720614,neu
1192061::PA1654,neu
4558500::PA841207,neu
1196167::PA609332,neu
2405410::PA795778,neu
2172202::PA720468,neu
4590904::PA719930,neu
4683018::PA842155,pos
2660515::PA720614,neg
1886448::PA721202,neu
2870897::PA607619,neu
1688970::PA720430,neu
1459145::PA720614,neu
3130869::PA720614,neu
894815::PA721908,neu
4604143::PA609332,neg
932693::PA795164,neu
4503988::PA721908,neu
1763668::PA720614,pos
1714019::PA795596,neu
225835::PA721908,neu
4372725::PA719938,neu
2590053::PA795228,neu
1182517::PA720892,neu
140308::PA795310,neu
93333::PA720614,neg
2996892::PA720614,neg
3686075::PA794718,neg
1739132::PA722190,neg
4597371::PA719930,neg
1918646::PA267285,neg
1674018::PA841327,pos
1749427::PA720614,neg
1516824::PA791812,neu
207971::PA721908,pos
194732::PA720614,neu
1700021::PA609332,neu
2552732::PA720614,neg
1670818::PA721202,neu
2357695::PA720614,neg
1225891::PA609332,neu
1193100::PA609332,neg
2519946::PA609332,neu
80245::PA722142,neu
2347690::PA720468,neu
1214188::PA720892,neu
1465237::PA267285,neu
4871335::PA1654,pos
2891263::PA609332,neu
2828702::PA609332,neu
4619459::PA791812,neg
1983544::PA720614,neu
1183058::PA721908,neu
1423476::PA609332,neu
1181167::PA330240,neu
1356501::PA722190,neu
2403829::PA720614,neu
2507969::PA720614,neg
2581124::PA1654,neu
2206678::PA720614,neu
2356993::PA719372,neg
1429297::PA720614,neg
3245553::PA796090,neu
1784422::PA795746,neu
1832218::PA1654,neu
2631880::PA330240,pos
1426967::PA720614,neg
3011268::PA794130,neg
2803428::PA720614,neg
2609183::PA793444,neu
4595561::PA794598,neu
2831531::PA267285,neu
4463842::PA794130,neg
2186337::PA267285,neg
1618466::PA335999,neu
2598375::PA722190,neu
174124::PA267285,neu
2355636::PA330240,neu
4632479::PA720614,neu
4585286::PA330240,neu
2530137::PA721210,neu
2721749::PA1567,neu
2407654::PA720468,neu
2843074::PA330240,neu
4684725::PA795466,neu
1763723::PA720614,neg
2805190::PA330240,neu
2350076::PA330240,neu
1703380::PA795778,neu
2196471::PA842105,neg
2524569::PA720614,neu
4868613::PA720614,neu
1769145::PA609332,neu
2345262::PA330240,neu
2555829::PA720614,neg
1892332::PA720614,neg
3493684::PA330240,neu
2604590::PA722190,neu
542343::PA717161,pos
2357612::PA794562,neu
896007::PA720614,pos
5044461::PA722190,neg
1669254::PA795318,neg
2671442::PA720614,neu
4549141::PA1592,neu
4562149::PA793444,neu
4873637::PA719930,neu
252503::PA720614,neu
4870424::PA720614,neg
1915673::PA720092,neu
3585848::PA795318,neu
4547529::PA718784,neu
1162831::PA793444,neu
1539928::PA795466,neg
2697483::PA720614,neu
1741899::PA330240,pos
1902329::PA720614,neu
2564455::PA720614,neg
1221840::PA795318,neu
1045153::PA720614,neg
4655752::PA795318,pos
3496377::PA793432,pos
4872636::PA720614,neg
1616512::PA796090,neu
595741::PA721908,neg
2603252::PA1654,neu
2615573::PA722190,neu
4479230::PA795912,pos
1801448::PA720892,neg
5042581::PA722190,neu
4554386::PA720614,neu
1426664::PA720614,neg
1510442::PA842155,neu
1959159::PA722190,neu
1697064::PA722190,neu
2407189::PA721202,neu
4555567::PA720614,neg
4680073::PA720614,neg
4643445::PA720892,neu
1181241::PA720614,neu
1344759::PA720892,neu
1698559::PA720614,neg
2991157::PA794486,neu
4868300::PA1654,neg
4657999::PA841207,neg
2820797::PA720614,neg
30115::PA722190,neu
593975::PA330240,neu
1839728::PA793432,neu
117580::PA330240,neu
4652854::PA1654,neu
2357398::PA720614,neg
4459952::PA720614,pos
1702809::PA721202,neu
4512523::PA609332,neu
4575418::PA841207,neg
4623258::PA791812,neu
3225721::PA842105,neu
93252::PA720614,neu
4558113::PA722142,neu
4472214::PA720614,neu
2733264::PA794598,neu
1407215::PA1567,neu
2402289::PA942,neu
4873172::PA722190,neg
96967::PA722190,neu
2404249::PA609332,neu
3697998::PA720614,neu
978226::PA721908,neg
1861558::PA720614,neu
1759147::PA722190,neu
80626::PA841845,neu
2932267::PA722190,neg
2846855::PA721908,neu
1607308::PA793444,neu
2014333::PA1654,neu
2344760::PA795318,neg
4605071::PA721908,neu
1676699::PA722142,neu
1666166::PA720614,neg
2548157::PA720614,neg
16113::PA722190,neu
4783139::PA719930,pos
1402321::PA609332,neu
1469239::PA720614,neu
2343638::PA717379,neu
1633569::PA796090,neu
1733662::PA720614,neg
4618832::PA720614,neu
1607502::PA719372,neg
960377::PA720614,neu
896730::PA720614,neg
2357692::PA720614,neg
2562590::PA720614,pos
2549423::PA720614,neg
254343::PA722190,neu
546946::PA720614,neu
3739499::PA267285,neu
1078773::PA795050,neg
4584410::PA330240,pos
1797293::PA720614,pos
2348012::PA720614,neu
4554099::PA721908,pos
2550995::PA609332,neu
4555863::PA609332,neu
1606944::PA796078,neu
1793571::PA1654,pos
2699780::PA720614,neu
1788810::PA720614,pos
2531314::PA795310,neu
2683223::PA721960,neu
4647218::PA795778,neu
546776::PA719938,neu
955518::PA720614,neu
893818::PA720614,neg
467123::PA795466,neu
1676029::PA330240,neg
4548813::PA722190,neu
1875318::PA720468,pos
1824928::PA759832,neu
1609572::PA1654,neu
1771627::PA722142,neu
93706::PA720614,neu
4373231::PA793464,neg
2831462::PA722190,neg
1458932::PA720614,neu
1192805::PA791812,neu
2653339::PA720614,neg
3932899::PA1654,neu
2403292::PA721202,neu
2346564::PA720614,neg
1684115::PA791812,neu
2820796::PA720614,neg
2011524::PA609332,neu
4693204::PA722142,neu
4375399::PA720614,neg
1364548::PA842155,neu
121433::PA720614,neu
1531306::PA346782,neu
4582858::PA720614,neu
2354588::PA719914,neu
3119755::PA722190,pos
2341959::PA842105,neg
4556210::PA721908,pos
588962::PA796090,neg
4554995::PA267285,neu
3597895::PA721270,neu
2350126::PA720614,neu
80009::PA720614,neg
1886736::PA720614,neu
594062::PA588884,neu
4941895::PA330240,neu
894658::PA720614,neg
5047465::PA721764,pos
1713233::PA795076,neu
1752258::PA609332,neu
589764::PA720614,neg
1181484::PA720614,pos
896251::PA720614,neu
894918::PA720614,neu
2252377::PA720614,neu
2787330::PA720614,neu
1739133::PA722190,neu
1211486::PA720614,neu
1862506::PA1654,neu
1221895::PA793444,neu
1698056::PA720614,neg
2695373::PA942,neu
2819364::PA720614,neu
2025202::PA842105,neu
921754::PA722190,neg
1727416::PA719930,neu
2548642::PA720468,neu
4473546::PA791812,neu
2557902::PA720614,pos
1451954::PA1567,pos
4556504::PA842255,neu
2832137::PA267285,neu
589706::PA720614,neg
1407297::PA721202,neg
4594541::PA722190,neu
2558747::PA841769,neu
1624947::PA588884,neg
896955::PA721908,neg
588530::PA720614,neu
1660688::PA795318,pos
1696482::PA720614,pos
2349588::PA720614,neu
1661139::PA720614,neu
258224::PA722142,neu
1663930::PA795596,neu
2197504::PA842105,pos
1490827::PA722142,neu
1520961::PA721202,pos
1743128::PA722190,neu
1468832::PA720614,neu
1876657::PA1654,neu
1419047::PA609332,neu
2194744::PA793444,neu
1182805::PA1654,neu
2528158::PA720614,neu
258328::PA720614,neg
1939396::PA1654,neu
2360360::PA720892,neu
1686523::PA720614,neg
1943464::PA842105,neu
204699::PA796062,neg
2025368::PA796090,neu
1181968::PA720614,neg
2778986::PA609332,pos
16969::PA267285,neu
2407248::PA795722,neu
2497529::PA720614,neu
4780400::PA795746,neg
895130::PA609332,neu
2401902::PA720614,neu
2356374::PA720614,neg
907183::PA722190,pos
1652847::PA794486,neu
1673110::PA720614,neu
2405647::PA841017,neu
2619462::PA717161,neu
1819327::PA720614,neu
4376336::PA720614,neg
1459693::PA720614,neu
4689097::PA720614,neu
2892373::PA1654,neu
4564596::PA841207,neg
1764633::PA721202,neu
2010532::PA791812,neu
1826683::PA795912,neg
2407796::PA330240,neu
1672875::PA609332,neu
2797603::PA722190,neu
1472715::PA267285,neg
4555447::PA720614,neg
4506258::PA330240,pos
1908207::PA793464,neg
1835670::PA793444,neu
1821593::PA842105,neg
1490922::PA720614,neu
1661171::PA795318,neu
1827319::PA643143,neu
1761551::PA795318,neu
2283::PA720614,neg
352946::PA795778,neg
594152::PA720614,neg
2352416::PA795528,neu
5045908::PA795920,neu
4516516::PA330240,pos
4715101::PA720468,neu
1688275::PA793464,pos
2406063::PA267285,neu
4553621::PA609332,neu
1631597::PA793464,neu
134868::PA1567,neu
1182011::PA720614,neg
595397::PA720614,neu
957758::PA721908,neu
1943557::PA842105,neg
1681225::PA793444,neu
1730188::PA720614,neu
2712006::PA720892,neu
595613::PA720614,neu
1703461::PA795778,neu
1980210::PA793444,neu
1747928::PA842299,neu
3492229::PA609332,neu
4697030::PA720614,neg
2837615::PA793432,pos
1181916::PA842155,neu
3820633::PA720614,neu
2803422::PA720614,neg
1223210::PA722190,neu
2724623::PA720614,neg
4869334::PA720614,neg
896658::PA721024,neu
589750::PA720614,neg
2714233::PA722190,neu
31075::PA267285,neu
1838747::PA793464,neg
8937::PA720614,neu
4373731::PA794938,neu
4556218::PA722190,neu
3214331::PA793464,neg
1670458::PA267285,neu
4389293::PA721908,neu
2973864::PA330240,neg
1616674::PA841207,neg
3870471::PA330240,neu
1182793::PA720614,neu
4767861::PA793464,neg
2026358::PA842105,neg
1046534::PA722190,neu
197505::PA720614,pos
1403812::PA796078,neu
1826913::PA330240,neu
1665822::PA720614,neu
2850855::PA609332,pos
4448635::PA330240,neu
894404::PA720614,neg
536757::PA794486,neg
1481484::PA721202,neu
2837717::PA796090,neu
1666031::PA720614,neg
1735800::PA720614,neg
1466160::PA720614,neu
2346668::PA330240,neu
2289147::PA722142,neg
1668871::PA719930,neu
2610062::PA717161,neu
1649229::PA720614,neu
1654592::PA841207,neu
4375232::PA796090,neg
79903::PA720614,neg
4554720::PA609332,neg
1181499::PA720038,neu
2523904::PA720468,neu
589698::PA330240,neu
2521977::PA609332,neu
1784438::PA719930,neu
2400549::PA842187,neu
1472468::PA793464,neu
4706862::PA720468,neu
4920927::PA720614,neg
3669833::PA720614,neu
1509254::PA1654,neu
1600812::PA722190,neu
2016000::PA791812,neu
1685909::PA720614,neg
1791742::PA1654,neu
560006::PA227089,pos
1182988::PA717161,neg
4473596::PA791812,neu
4603822::PA717379,neu
1051300::PA720892,neu
595749::PA721908,pos
2408598::PA795778,neu
4550770::PA720614,neg
4554561::PA720614,neg
588963::PA720614,neu
1742729::PA1654,neu
2010471::PA721908,neg
1611030::PA842105,neg
1228949::PA720614,neu
1692029::PA720468,neu
1077106::PA717161,neu
12570::PA721908,neu
1681568::PA267285,neu
4494237::PA1654,neu
1182369::PA795318,neg
2719077::PA720614,neg
4682586::PA609332,neu
4784626::PA720614,neu
2817890::PA720614,neu
2894216::PA609332,neu
1743032::PA794670,neg
960292::PA795596,neu
3243952::PA794938,neu
4548100::PA722190,neu
4587355::PA1654,neu
2549917::PA722142,neu
1702918::PA720614,neu
1698715::PA794562,neu
2167052::PA795076,neu
1694090::PA720614,neg
1950539::PA722190,neu
3496463::PA609332,pos
955414::PA793394,neu
2831844::PA720614,neu
2276134::PA588884,neu
2348720::PA267285,neu
2814086::PA795616,neg
2700471::PA720614,neu
23789::PA720614,neg
2347794::PA794130,neg
1438027::PA720614,neu
2637270::PA722142,pos
2569489::PA722190,neu
4712105::PA720614,neu
1820055::PA795026,neu
2671807::PA267285,neg
2699346::PA720370,neu
2621797::PA720614,neu
2164181::PA722190,pos
3241497::PA720614,neg
2399558::PA795552,neu
1658915::PA720614,neg
1416611::PA588884,neu
2180348::PA330240,neu
523430::PA720614,neu
1993692::PA793398,neu
2033797::PA1654,neu
1745707::PA722142,neu
4696723::PA722142,neu
1994028::PA841207,neu
2227350::PA791812,neg
1801682::PA795164,neu
4536125::PA791812,pos
98267::PA795010,neu
1806459::PA841207,neu
2885378::PA609332,neu
1182988::PA722190,pos
4448384::PA722190,neu
4586389::PA759832,neu
1759447::PA793394,neu
202137::PA717161,neu
1689520::PA720614,pos
595088::PA722190,neu
4554464::PA720614,neg
2703486::PA719372,neu
1382720::PA720614,neg
2720122::PA720614,neu
589284::PA1654,neu
1197391::PA795076,neg
203019::PA722142,neu
896517::PA330240,neu
2398923::PA795778,neu
1655247::PA795076,neg
2403288::PA721908,neg
4554186::PA1567,neg
4559552::PA795884,neu
522181::PA795228,pos
1744507::PA720614,neg
584805::PA267285,neu
1911793::PA794598,neg
1466409::PA721202,neu
171393::PA720614,neg
1406495::PA795552,neu
1195435::PA267285,neg
222499::PA717161,neu
1764469::PA720614,neg
4717980::PA722190,neu
4867385::PA720614,neu
2115714::PA720100,neu
2357965::PA720614,neu
2976952::PA1654,neu
1381790::PA793464,neu
1382666::PA720614,neg
4505463::PA793464,neg
2986525::PA793464,neu
181199::PA720614,neg
2592581::PA267285,neu
1507431::PA1654,neu
4557894::PA720614,neu
2399568::PA795552,neu
1802025::PA720614,neg
547370::PA722190,neu
1483628::PA721202,neu
2663225::PA840979,neu
4510603::PA721908,neg
1531789::PA609332,neu
4609585::PA793444,neu
1723728::PA795228,neu
1469728::PA1654,neu
4590745::PA588884,neu
24859::PA841067,neg
1803857::PA722142,neu
2348546::PA795778,neu
4548751::PA791812,neg
1232101::PA720614,pos
2360118::PA720614,neu
315968::PA330240,neu
2816025::PA722190,neu
4574898::PA368,neu
1809872::PA720038,neu
1694207::PA794022,neu
1242090::PA717161,neu
1615912::PA721908,neu
2704829::PA720614,neu
1697559::PA267285,neu
4605483::PA335999,neg
1793::PA841495,neu
1931626::PA720614,neu
2343649::PA793756,neg
323311::PA1654,neu
1063869::PA346782,pos
2820012::PA720614,neg
895799::PA720614,neu
1509557::PA796090,neg
2350695::PA793832,neu
3813986::PA793464,neg
2399217::PA795310,neu
2347648::PA795466,neu
4681719::PA720614,neg
104687::PA609332,neg
519000::PA609332,neu
258919::PA722190,neg
1793126::PA720614,pos
2554085::PA720614,neg
1214446::PA721202,neu
555053::PA720614,neu
1704639::PA720614,neu
1769563::PA267285,neu
1212879::PA720614,neg
4472334::PA721202,neu
4871716::PA720614,neg
1800098::PA610968,neu
2708379::PA795778,neu
1197513::PA720468,neu
3494975::PA793464,neg
1430265::PA720614,neg
2350996::PA721202,neu
2258662::PA267285,neu
1964032::PA842105,neu
952398::PA793246,neu
1384112::PA720614,neg
2230933::PA720614,neu
1982057::PA842105,pos
1780433::PA722190,neu
1805230::PA795912,neu
594913::PA267285,neu
588426::PA720892,neu
1453358::PA720614,neg
1607947::PA722190,neu
1733556::PA720614,neu
2404157::PA720468,neu
2359170::PA720614,neg
2401746::PA794598,neu
1203369::PA609332,neu
2205255::PA721908,neu
2898006::PA609332,neu
1680771::PA794718,neg
2531087::PA720614,neu
1430006::PA721202,neu
2693261::PA722142,neu
4555160::PA267285,neu
1798028::PA720614,neu
2911735::PA794778,neu
2489983::PA720614,neu
1938368::PA720614,neu
4571096::PA719930,neu
2835067::PA609332,neu
3228598::PA842155,neg
4590494::PA794946,neg
1752030::PA720892,neu
959698::PA720614,neu
28742::PA720614,neu
1220424::PA720614,neg
3130127::PA717161,neu
1789762::PA722142,neu
1539515::PA721960,neg
4441849::PA720614,neg
1923070::PA330240,neu
4390164::PA721908,neu
1531457::PA795318,neu
4518592::PA609332,neg
1788588::PA1567,neu
2357456::PA720614,pos
1367793::PA335999,neg
4518904::PA609332,neu
2357455::PA795912,neu
4719460::PA722190,neu
3715881::PA720614,pos
589478::PA795912,pos
5047271::PA793342,neu
3226030::PA794838,pos
2360319::PA719930,neu
2699429::PA267794,neu
3717569::PA720614,neg
2399065::PA720468,neu
1765939::PA793464,neg
2345084::PA1654,neu
1703790::PA793444,neu
1206786::PA721908,neu
2727879::PA720154,neu
4730227::PA719930,neg
2597175::PA719938,neu
1824735::PA720614,neu
4597145::PA722190,neg
964826::PA793444,neu
4890856::PA720614,neu
1748239::PA720614,neu
3556977::PA795318,neu
1487563::PA842105,neg
2398582::PA717379,neu
1781905::PA368,neu
2355130::PA795778,neu
594644::PA720614,neu
1443951::PA721202,pos
4684590::PA795528,neu
1181961::PA793444,neu
2722563::PA721202,neu
4719507::PA720614,neu
4530315::PA793756,neg
2545667::PA720614,neg
4474750::PA795310,neg
4480314::PA721270,neu
4717562::PA795076,neg
1532098::PA720614,neg
2702016::PA1654,neu
1678368::PA795076,neu
895476::PA720614,neg
2587610::PA1654,pos
1884162::PA841729,neu
2851072::PA607553,neu
1705229::PA267285,neu
4480312::PA793432,neu
1685523::PA267285,neu
4595892::PA795310,neu
4554177::PA722190,neu
192984::PA795076,neg
594901::PA720614,neu
2345559::PA721908,neu
1756216::PA795076,neu
1611573::PA796090,neu
2693114::PA720614,neg
3746390::PA720614,neu
588958::PA795076,neu
921768::PA609332,neu
1536419::PA609332,neu
4549818::PA608826,neu
2625134::PA605782,neu
1357947::PA793464,neg
4875121::PA791812,neg
1743944::PA720614,neu
4602059::PA722142,neu
2676059::PA722190,neg
1479404::PA759832,neu
