acteur_uid,prenom,nom,groupe_uid,groupe_libelle,groupe_libelle_abrev,aligned_votes,compared_votes,alignment_pct,refreshed_at
PA793214,Audrey,Abadie-Amiel,PO845485,"Libertés, Indépendants, Outre-mer et Territoires",LIOT,347,382,90.8,2026-05-31T18:39:03.755143+00:00
PA795228,Nadège,Abomangoli,PO845413,La France insoumise - Nouveau Front Populaire,LFI-NFP,500,505,99.0,2026-05-31T18:39:03.755143+00:00
PA794278,Xavier,Albertini,PO845470,Horizons & Indépendants,HOR,81,82,98.8,2026-05-31T18:39:03.755143+00:00
PA793262,Laurent,Alexandre,PO845413,La France insoumise - Nouveau Front Populaire,LFI-NFP,398,399,99.7,2026-05-31T18:39:03.755143+00:00
PA793992,Henri,Alfandari,PO845470,Horizons & Indépendants,HOR,73,74,98.6,2026-05-31T18:39:03.755143+00:00
PA841067,Alexandre,Allegret-Pilot,PO872880,Union des droites pour la République,UDDPLR,463,472,98.1,2026-05-31T18:39:03.755143+00:00
PA840665,Marie-José,Allemand,PO845419,Socialistes et apparentés,SOC,747,774,96.5,2026-05-31T18:39:03.755143+00:00
PA793432,Franck,Allisio,PO845401,Rassemblement National,RN,121,123,98.4,2026-05-31T18:39:03.755143+00:00
PA841207,Charles,Alloncle,PO872880,Union des droites pour la République,UDDPLR,78,80,97.5,2026-05-31T18:39:03.755143+00:00
PA794906,Gabriel,Amard,PO845413,La France insoumise - Nouveau Front Populaire,LFI-NFP,419,421,99.5,2026-05-31T18:39:03.755143+00:00
PA841495,Maxime,Amblard,PO845401,Rassemblement National,RN,367,378,97.1,2026-05-31T18:39:03.755143+00:00
PA794138,Ségolène,Amiot,PO845413,La France insoumise - Nouveau Front Populaire,LFI-NFP,815,824,98.9,2026-05-31T18:39:03.755143+00:00
PA610968,Pouria,Amirshahi,PO845439,Écologiste et Social,ECOS,513,521,98.5,2026-05-31T18:39:03.755143+00:00
PA795588,Farida,Amrani,PO845413,La France insoumise - Nouveau Front Populaire,LFI-NFP,366,367,99.7,2026-05-31T18:39:03.755143+00:00
PA721158,Pieyre-Alexandre,Anglade,PO845407,Ensemble pour la République,EPR,418,433,96.5,2026-05-31T18:39:03.755143+00:00
PA795084,Rodrigo,Arenas,PO845413,La France insoumise - Nouveau Front Populaire,LFI-NFP,188,190,98.9,2026-05-31T18:39:03.755143+00:00
PA842105,Raphaël,Arnault,PO845413,La France insoumise - Nouveau Front Populaire,LFI-NFP,386,386,100.0,2026-05-31T18:39:03.755143+00:00
PA793780,Christine,Arrighi,PO845439,Écologiste et Social,ECOS,295,296,99.7,2026-05-31T18:39:03.755143+00:00
PA722190,Gabriel,Attal,PO845407,Ensemble pour la République,EPR,307,308,99.7,2026-05-31T18:39:03.755143+00:00
PA588884,Clémentine,Autain,PO845439,Écologiste et Social,ECOS,110,121,90.9,2026-05-31T18:39:03.755143+00:00
PA796118,Bénédicte,Auzanot,PO845401,Rassemblement National,RN,186,190,97.9,2026-05-31T18:39:03.755143+00:00
PA642764,Joël,Aviragnet,PO845419,Socialistes et apparentés,SOC,279,292,95.5,2026-05-31T18:39:03.755143+00:00
PA841701,Léa,Balage El Mariky,PO845439,Écologiste et Social,ECOS,344,352,97.7,2026-05-31T18:39:03.755143+00:00
PA719558,Erwan,Balanant,PO845454,Les Démocrates,DEM,284,297,95.6,2026-05-31T18:39:03.755143+00:00
PA794562,Philippe,Ballard,PO845401,Rassemblement National,RN,359,362,99.2,2026-05-31T18:39:03.755143+00:00
PA842279,Anchya,Bamana,PO845401,Rassemblement National,RN,333,337,98.8,2026-05-31T18:39:03.755143+00:00
PA720256,Géraldine,Bannier,PO845454,Les Démocrates,DEM,480,509,94.3,2026-05-31T18:39:03.755143+00:00
PA643143,Christian,Baptiste,PO845419,Socialistes et apparentés,SOC,273,285,95.8,2026-05-31T18:39:03.755143+00:00
PA368,Michel,Barnier,PO845425,Droite Républicaine,DR,79,82,96.3,2026-05-31T18:39:03.755143+00:00
PA840829,Fabrice,Barusseau,PO845419,Socialistes et apparentés,SOC,592,604,98.0,2026-05-31T18:39:03.755143+00:00
PA267763,Jean-Pierre,Bataille,PO845485,"Libertés, Indépendants, Outre-mer et Territoires",LIOT,299,325,92.0,2026-05-31T18:39:03.755143+00:00
PA335999,Delphine,Batho,PO845439,Écologiste et Social,ECOS,214,241,88.8,2026-05-31T18:39:03.755143+00:00
PA342415,Marie-Noëlle,Battistel,PO845419,Socialistes et apparentés,SOC,549,576,95.3,2026-05-31T18:39:03.755143+00:00
PA793374,Romain,Baubry,PO845401,Rassemblement National,RN,217,219,99.1,2026-05-31T18:39:03.755143+00:00
PA606793,Laurent,Baumel,PO845419,Socialistes et apparentés,SOC,335,335,100.0,2026-05-31T18:39:03.755143+00:00
PA642847,Thibault,Bazin,PO845425,Droite Républicaine,DR,560,602,93.0,2026-05-31T18:39:03.755143+00:00
PA718884,Valérie,Bazin-Malgras,PO845425,Droite Républicaine,DR,645,669,96.4,2026-05-31T18:39:03.755143+00:00
PA793158,José,Beaurain,PO845401,Rassemblement National,RN,253,255,99.2,2026-05-31T18:39:03.755143+00:00
PA642935,Olivier,Becht,PO845407,Ensemble pour la République,EPR,107,112,95.5,2026-05-31T18:39:03.755143+00:00
PA720362,Belkhir,Belhaddad,PO845419,Socialistes et apparentés,SOC,228,254,89.8,2026-05-31T18:39:03.755143+00:00
PA842211,Béatrice,Bellay,PO845419,Socialistes et apparentés,SOC,175,182,96.2,2026-05-31T18:39:03.755143+00:00
PA795362,Lisa,Belluco,PO845439,Écologiste et Social,ECOS,326,334,97.6,2026-05-31T18:39:03.755143+00:00
PA841657,Anaïs,Belouassa-Cherifi,PO845413,La France insoumise - Nouveau Front Populaire,LFI-NFP,208,208,100.0,2026-05-31T18:39:03.755143+00:00
PA795454,Karim,Ben Cheikh,PO845439,Écologiste et Social,ECOS,453,463,97.8,2026-05-31T18:39:03.755143+00:00
PA796106,Édouard,Bénard,PO845514,Gauche Démocrate et Républicaine,GDR,246,270,91.1,2026-05-31T18:39:03.755143+00:00
PA841315,Karim,Benbrahim,PO845419,Socialistes et apparentés,SOC,423,438,96.6,2026-05-31T18:39:03.755143+00:00
PA332228,Thierry,Benoit,PO845470,Horizons & Indépendants,HOR,413,496,83.3,2026-05-31T18:39:03.755143+00:00
PA841531,Shéhérazade,Bentorki,,,,,,,
PA794434,Christophe,Bentz,PO845401,Rassemblement National,RN,892,900,99.1,2026-05-31T18:39:03.755143+00:00
PA805166,Anne,Bergantz,PO845454,Les Démocrates,DEM,642,677,94.8,2026-05-31T18:39:03.755143+00:00
PA720430,Ugo,Bernalicis,PO845413,La France insoumise - Nouveau Front Populaire,LFI-NFP,171,172,99.4,2026-05-31T18:39:03.755143+00:00
PA841645,Théo,Bernhardt,PO845401,Rassemblement National,RN,530,579,91.5,2026-05-31T18:39:03.755143+00:00
PA687214,Sylvain,Berrios,PO845470,Horizons & Indépendants,HOR,265,321,82.6,2026-05-31T18:39:03.755143+00:00
PA719218,Hervé,Berville,PO845407,Ensemble pour la République,EPR,293,301,97.3,2026-05-31T18:39:03.755143+00:00
PA309643,Véronique,Besse,GP_NI,Non inscrit,NI,152,223,68.2,2026-05-31T18:39:03.755143+00:00
PA793772,Christophe,Bex,PO845413,La France insoumise - Nouveau Front Populaire,LFI-NFP,499,505,98.8,2026-05-31T18:39:03.755143+00:00
PA842001,Guillaume,Bigot,PO845401,Rassemblement National,RN,354,358,98.9,2026-05-31T18:39:03.755143+00:00
PA720822,Bruno,Bilde,PO845401,Rassemblement National,RN,232,233,99.6,2026-05-31T18:39:03.755143+00:00
PA795616,Carlos Martens,Bilongo,PO845413,La France insoumise - Nouveau Front Populaire,LFI-NFP,195,196,99.5,2026-05-31T18:39:03.755143+00:00
PA840997,Benoît,Biteau,PO845439,Écologiste et Social,ECOS,228,234,97.4,2026-05-31T18:39:03.755143+00:00
PA720668,Emmanuel,Blairy,PO845401,Rassemblement National,RN,318,320,99.4,2026-05-31T18:39:03.755143+00:00
PA794886,Sophie,Blanc,PO845401,Rassemblement National,RN,382,383,99.7,2026-05-31T18:39:03.755143+00:00
PA842183,Benoît,Blanchard,PO845470,Horizons & Indépendants,HOR,440,544,80.9,2026-05-31T18:39:03.755143+00:00
PA719024,Christophe,Blanchet,PO845454,Les Démocrates,DEM,346,357,96.9,2026-05-31T18:39:03.755143+00:00
PA774954,Anne-Laure,Blin,PO845425,Droite Républicaine,DR,261,279,93.5,2026-05-31T18:39:03.755143+00:00
PA840889,Matthieu,Bloch,PO872880,Union des droites pour la République,UDDPLR,425,433,98.2,2026-05-31T18:39:03.755143+00:00
PA796042,Frédéric,Boccaletti,PO845401,Rassemblement National,RN,354,359,98.6,2026-05-31T18:39:03.755143+00:00
PA841543,Jean,Bodart,,,,,,,
PA793444,Manuel,Bompard,PO845413,La France insoumise - Nouveau Front Populaire,LFI-NFP,279,280,99.6,2026-05-31T18:39:03.755143+00:00
PA569,Philippe,Bonnecarrère,GP_NI,Non inscrit,NI,365,419,87.1,2026-05-31T18:39:03.755143+00:00
PA841885,Arnaud,Bonnet,PO845439,Écologiste et Social,ECOS,387,393,98.5,2026-05-31T18:39:03.755143+00:00
PA841507,Nicolas,Bonnet,PO845439,Écologiste et Social,ECOS,417,430,97.0,2026-05-31T18:39:03.755143+00:00
PA719968,Sylvie,Bonnet,PO845425,Droite Républicaine,DR,311,315,98.7,2026-05-31T18:39:03.755143+00:00
PA721410,Émilie,Bonnivard,PO845425,Droite Républicaine,DR,666,684,97.4,2026-05-31T18:39:03.755143+00:00
PA266793,Jean-Yves,Bony,PO845425,Droite Républicaine,DR,225,237,94.9,2026-05-31T18:39:03.755143+00:00
PA717161,Élisabeth,Borne,PO845407,Ensemble pour la République,EPR,124,136,91.2,2026-05-31T18:39:03.755143+00:00
PA642695,Éric,Bothorel,PO845407,Ensemble pour la République,EPR,348,372,93.5,2026-05-31T18:39:03.755143+00:00
PA721816,Ian,Boucard,PO845425,Droite Républicaine,DR,172,189,91.0,2026-05-31T18:39:03.755143+00:00
PA606507,Florent,Boudié,PO845407,Ensemble pour la République,EPR,263,268,98.1,2026-05-31T18:39:03.755143+00:00
PA841487,Anthony,Boulogne,PO845401,Rassemblement National,RN,420,451,93.1,2026-05-31T18:39:03.755143+00:00
PA794094,Mickaël,Bouloux,PO845419,Socialistes et apparentés,SOC,700,724,96.7,2026-05-31T18:39:03.755143+00:00
PA794938,Idir,Boumertit,PO845413,La France insoumise - Nouveau Front Populaire,LFI-NFP,285,287,99.3,2026-05-31T18:39:03.755143+00:00
PA841131,Manon,Bouquin,PO845401,Rassemblement National,RN,630,637,98.9,2026-05-31T18:39:03.755143+00:00
PA342240,Jean-Luc,Bourgeaux,PO845425,Droite Républicaine,DR,255,273,93.4,2026-05-31T18:39:03.755143+00:00
PA720838,Soumya,Bourouaha,PO845514,Gauche Démocrate et Républicaine,GDR,211,235,89.8,2026-05-31T18:39:03.755143+00:00
PA719032,Bertrand,Bouyx,PO845470,Horizons & Indépendants,HOR,341,358,95.3,2026-05-31T18:39:03.755143+00:00
PA793182,Jorys,Bovet,PO845401,Rassemblement National,RN,600,603,99.5,2026-05-31T18:39:03.755143+00:00
PA795318,Louis,Boyard,PO845413,La France insoumise - Nouveau Front Populaire,LFI-NFP,439,440,99.8,2026-05-31T18:39:03.755143+00:00
PA841339,Jean-Michel,Brard,PO845470,Horizons & Indépendants,HOR,275,319,86.2,2026-05-31T18:39:03.755143+00:00
PA721908,Yaël,Braun-Pivet,PO845407,Ensemble pour la République,EPR,63,63,100.0,2026-05-31T18:39:03.755143+00:00
PA840175,Dorine,Bregman,,,,,,,
PA330008,Xavier,Breton,PO845425,Droite Républicaine,DR,245,261,93.9,2026-05-31T18:39:03.755143+00:00
PA793508,Hubert,Brigand,PO845425,Droite Républicaine,DR,193,206,93.7,2026-05-31T18:39:03.755143+00:00
PA721336,Blandine,Brocard,PO845454,Les Démocrates,DEM,183,283,64.7,2026-05-31T18:39:03.755143+00:00
PA794330,Anthony,Brosse,PO845407,Ensemble pour la République,EPR,789,812,97.2,2026-05-31T18:39:03.755143+00:00
PA794710,Julien,Brugerolles,PO845514,Gauche Démocrate et Républicaine,GDR,168,173,97.1,2026-05-31T18:39:03.755143+00:00
PA719890,Danielle,Brulebois,PO845407,Ensemble pour la République,EPR,377,426,88.5,2026-05-31T18:39:03.755143+00:00
PA718838,Fabrice,Brun,PO845425,Droite Républicaine,DR,245,275,89.1,2026-05-31T18:39:03.755143+00:00
PA793624,Philippe,Brun,PO845419,Socialistes et apparentés,SOC,279,288,96.9,2026-05-31T18:39:03.755143+00:00
PA840817,Joël,Bruneau,PO845485,"Libertés, Indépendants, Outre-mer et Territoires",LIOT,470,549,85.6,2026-05-31T18:39:03.755143+00:00
PA722000,Stéphane,Buchou,PO845407,Ensemble pour la République,EPR,311,326,95.4,2026-05-31T18:39:03.755143+00:00
PA794798,Françoise,Buffet,PO845407,Ensemble pour la République,EPR,437,455,96.0,2026-05-31T18:39:03.755143+00:00
PA793134,Jérôme,Buisson,PO845401,Rassemblement National,RN,338,341,99.1,2026-05-31T18:39:03.755143+00:00
PA841023,Pierre-Yves,Cadalen,PO845413,La France insoumise - Nouveau Front Populaire,LFI-NFP,349,353,98.9,2026-05-31T18:39:03.755143+00:00
PA795762,Elie,Califer,PO845419,Socialistes et apparentés,SOC,387,412,93.9,2026-05-31T18:39:03.755143+00:00
PA721750,Céline,Calvez,PO845407,Ensemble pour la République,EPR,407,410,99.3,2026-05-31T18:39:03.755143+00:00
PA608264,Colette,Capdevielle,PO845419,Socialistes et apparentés,SOC,430,448,96.0,2026-05-31T18:39:03.755143+00:00
PA841973,Pierre-Henri,Carbonnel,PO872880,Union des droites pour la République,UDDPLR,377,379,99.5,2026-05-31T18:39:03.755143+00:00
PA796090,Aymeric,Caron,PO845413,La France insoumise - Nouveau Front Populaire,LFI-NFP,219,222,98.6,2026-05-31T18:39:03.755143+00:00
PA793912,Sylvain,Carrière,PO845413,La France insoumise - Nouveau Front Populaire,LFI-NFP,712,717,99.3,2026-05-31T18:39:03.755143+00:00
PA841801,Danièle,Carteron,,,,,,,
PA719138,Michel,Castellani,PO845485,"Libertés, Indépendants, Outre-mer et Territoires",LIOT,56,76,73.7,2026-05-31T18:39:03.755143+00:00
PA840075,Eddy,Casterman,PO845401,Rassemblement National,RN,540,542,99.6,2026-05-31T18:39:03.755143+00:00
PA795868,Jean-Victor,Castor,PO845514,Gauche Démocrate et Républicaine,GDR,95,101,94.1,2026-05-31T18:39:03.755143+00:00
PA842187,Gabrielle,Cathala,PO845413,La France insoumise - Nouveau Front Populaire,LFI-NFP,546,549,99.5,2026-05-31T18:39:03.755143+00:00
PA842311,Vincent,Caure,PO845407,Ensemble pour la République,EPR,329,333,98.8,2026-05-31T18:39:03.755143+00:00
PA719922,Lionel,Causse,PO845407,Ensemble pour la République,EPR,173,180,96.1,2026-05-31T18:39:03.755143+00:00
PA719472,Jean-René,Cazeneuve,PO845407,Ensemble pour la République,EPR,258,278,92.8,2026-05-31T18:39:03.755143+00:00
PA795864,Pierre,Cazeneuve,PO845407,Ensemble pour la République,EPR,352,360,97.8,2026-05-31T18:39:03.755143+00:00
PA841047,François-Xavier,Ceccoli,PO845425,Droite Républicaine,DR,168,179,93.9,2026-05-31T18:39:03.755143+00:00
PA842037,Bérenger,Cernon,PO845413,La France insoumise - Nouveau Front Populaire,LFI-NFP,528,533,99.1,2026-05-31T18:39:03.755143+00:00
PA718820,Pauline,Cestrières,,,,,,,
PA840701,Bernard,Chaix,PO872880,Union des droites pour la République,UDDPLR,311,318,97.8,2026-05-31T18:39:03.755143+00:00
PA794008,Cyrielle,Chatelain,PO845439,Écologiste et Social,ECOS,450,454,99.1,2026-05-31T18:39:03.755143+00:00
PA840107,Bernard,Chaumeil,,,,,,,
PA840721,Marc,Chavent,PO872880,Union des droites pour la République,UDDPLR,409,415,98.6,2026-05-31T18:39:03.755143+00:00
PA841595,Cendrine,Chazé,,,,,,,
PA795908,Yannick,Chenevard,PO845407,Ensemble pour la République,EPR,248,260,95.4,2026-05-31T18:39:03.755143+00:00
PA720468,Sébastien,Chenu,PO845401,Rassemblement National,RN,202,217,93.1,2026-05-31T18:39:03.755143+00:00
PA791812,Sophia,Chikirou,PO845413,La France insoumise - Nouveau Front Populaire,LFI-NFP,218,219,99.5,2026-05-31T18:39:03.755143+00:00
PA840903,Paul,Christophle,PO845419,Socialistes et apparentés,SOC,225,235,95.7,2026-05-31T18:39:03.755143+00:00
PA794198,Roger,Chudeau,PO845401,Rassemblement National,RN,367,380,96.6,2026-05-31T18:39:03.755143+00:00
PA330240,Éric,Ciotti,PO872880,Union des droites pour la République,UDDPLR,180,184,97.8,2026-05-31T18:39:03.755143+00:00
PA840159,Bruno,Clavet,PO845401,Rassemblement National,RN,178,181,98.3,2026-05-31T18:39:03.755143+00:00
PA793736,Hadrien,Clouet,PO845413,La France insoumise - Nouveau Front Populaire,LFI-NFP,616,618,99.7,2026-05-31T18:39:03.755143+00:00
PA795402,Nathalie,Coggia,PO845407,Ensemble pour la République,EPR,406,412,98.5,2026-05-31T18:39:03.755143+00:00
PA841431,Nathalie,Colin-Oesterlé,PO845470,Horizons & Indépendants,HOR,461,517,89.2,2026-05-31T18:39:03.755143+00:00
PA719286,Paul-André,Colombani,PO845485,"Libertés, Indépendants, Outre-mer et Territoires",LIOT,161,182,88.5,2026-05-31T18:39:03.755143+00:00
PA793548,Caroline,Colombier,PO845401,Rassemblement National,RN,598,604,99.0,2026-05-31T18:39:03.755143+00:00
PA721202,Éric,Coquerel,PO845413,La France insoumise - Nouveau Front Populaire,LFI-NFP,239,247,96.8,2026-05-31T18:39:03.755143+00:00
PA721210,Alexis,Corbière,PO845439,Écologiste et Social,ECOS,250,270,92.6,2026-05-31T18:39:03.755143+00:00
PA718850,Pierre,Cordier,PO845425,Droite Républicaine,DR,168,177,94.9,2026-05-31T18:39:03.755143+00:00
PA719118,François,Cormier-Bouligeon,PO845407,Ensemble pour la République,EPR,356,370,96.2,2026-05-31T18:39:03.755143+00:00
PA722390,Josiane,Corneloup,PO845425,Droite Républicaine,DR,256,290,88.3,2026-05-31T18:39:03.755143+00:00
PA793520,Mickaël,Cosson,PO845454,Les Démocrates,DEM,349,374,93.3,2026-05-31T18:39:03.755143+00:00
PA795136,Jean-François,Coulomme,PO845413,La France insoumise - Nouveau Front Populaire,LFI-NFP,571,578,98.8,2026-05-31T18:39:03.755143+00:00
PA841295,Pierrick,Courbon,PO845419,Socialistes et apparentés,SOC,224,230,97.4,2026-05-31T18:39:03.755143+00:00
PA794430,Michel,Criaud,PO845470,Horizons & Indépendants,HOR,236,270,87.4,2026-05-31T18:39:03.755143+00:00
PA793716,Laurent,Croizier,PO845454,Les Démocrates,DEM,227,240,94.6,2026-05-31T18:39:03.755143+00:00
PA793322,Christelle,D'Intorni,PO872880,Union des droites pour la République,UDDPLR,359,363,98.9,2026-05-31T18:39:03.755143+00:00
PA795644,Nathalie,Da Conceicao Carvalho,PO845401,Rassemblement National,RN,658,667,98.7,2026-05-31T18:39:03.755143+00:00
PA332523,Marie-Christine,Dalloz,PO845425,Droite Républicaine,DR,199,215,92.6,2026-05-31T18:39:03.755143+00:00
PA719914,Geneviève,Darrieussecq,PO845454,Les Démocrates,DEM,350,363,96.4,2026-05-31T18:39:03.755143+00:00
PA793122,Romain,Daubié,PO845454,Les Démocrates,DEM,284,321,88.5,2026-05-31T18:39:03.755143+00:00
PA793452,Hendrik,Davi,PO845439,Écologiste et Social,ECOS,466,488,95.5,2026-05-31T18:39:03.755143+00:00
PA1008,Alain,David,PO845419,Socialistes et apparentés,SOC,153,161,95.0,2026-05-31T18:39:03.755143+00:00
PA942,Charles,de Courson,PO845485,"Libertés, Indépendants, Outre-mer et Territoires",LIOT,198,221,89.6,2026-05-31T18:39:03.755143+00:00
PA841613,Marc,de Fleurian,PO845401,Rassemblement National,RN,773,779,99.2,2026-05-31T18:39:03.755143+00:00
PA642988,Hervé,de Lépinau,PO845401,Rassemblement National,RN,350,352,99.4,2026-05-31T18:39:03.755143+00:00
PA842141,Élisabeth,de Maistre,PO845425,Droite Républicaine,DR,284,304,93.4,2026-05-31T18:39:03.755143+00:00
PA841359,Constance,de Pélichy,PO845485,"Libertés, Indépendants, Outre-mer et Territoires",LIOT,397,422,94.1,2026-05-31T18:39:03.755143+00:00
PA840119,Sandra,Delannoy,GP_NI,Non inscrit,NI,156,198,78.8,2026-05-31T18:39:03.755143+00:00
PA793394,Arthur,Delaporte,PO845419,Socialistes et apparentés,SOC,735,755,97.4,2026-05-31T18:39:03.755143+00:00
PA795430,Stéphane,Delautrette,PO845419,Socialistes et apparentés,SOC,753,765,98.4,2026-05-31T18:39:03.755143+00:00
PA841059,Catherine,Dellong Meng,,,,,,,
PA793464,Sébastien,Delogu,PO845413,La France insoumise - Nouveau Front Populaire,LFI-NFP,155,155,100.0,2026-05-31T18:39:03.755143+00:00
PA794982,Julie,Delpech,PO845407,Ensemble pour la République,EPR,318,318,100.0,2026-05-31T18:39:03.755143+00:00
PA330909,Vincent,Descoeur,PO845425,Droite Républicaine,DR,359,404,88.9,2026-05-31T18:39:03.755143+00:00
PA793166,Jocelyn,Dessigny,PO845401,Rassemblement National,RN,543,546,99.5,2026-05-31T18:39:03.755143+00:00
PA793928,Edwige,Diaz,PO845401,Rassemblement National,RN,669,694,96.4,2026-05-31T18:39:03.755143+00:00
PA841919,Dieynaba,Diop,PO845419,Socialistes et apparentés,SOC,505,519,97.3,2026-05-31T18:39:03.755143+00:00
PA842155,Aly,Diouara,PO845413,La France insoumise - Nouveau Front Populaire,LFI-NFP,244,244,100.0,2026-05-31T18:39:03.755143+00:00
PA722382,Benjamin,Dirx,PO845407,Ensemble pour la République,EPR,177,191,92.7,2026-05-31T18:39:03.755143+00:00
PA712015,Julien,Dive,PO845425,Droite Républicaine,DR,164,177,92.7,2026-05-31T18:39:03.755143+00:00
PA794762,Sandrine,Dogor-Such,PO845401,Rassemblement National,RN,682,682,100.0,2026-05-31T18:39:03.755143+00:00
PA606573,Fanny,Dombre Coste,PO845419,Socialistes et apparentés,SOC,393,402,97.8,2026-05-31T18:39:03.755143+00:00
PA793146,Nicolas,Dragon,PO845401,Rassemblement National,RN,571,575,99.3,2026-05-31T18:39:03.755143+00:00
PA720154,Nicole,Dubré-Chirat,PO845407,Ensemble pour la République,EPR,714,731,97.7,2026-05-31T18:39:03.755143+00:00
PA608826,Virginie,Duby-Muller,PO845425,Droite Républicaine,DR,201,236,85.2,2026-05-31T18:39:03.755143+00:00
PA841633,Peio,Dufau,PO845419,Socialistes et apparentés,SOC,459,514,89.3,2026-05-31T18:39:03.755143+00:00
PA840135,Alexandre,Dufosset,PO845401,Rassemblement National,RN,392,423,92.7,2026-05-31T18:39:03.755143+00:00
PA795200,Alma,Dufour,PO845413,La France insoumise - Nouveau Front Populaire,LFI-NFP,266,268,99.3,2026-05-31T18:39:03.755143+00:00
PA870009,Lionel,Duparay,PO845425,Droite Républicaine,DR,472,502,94.0,2026-05-31T18:39:03.755143+00:00
PA841351,Emmanuel,Duplessy,PO845439,Écologiste et Social,ECOS,316,331,95.5,2026-05-31T18:39:03.755143+00:00
PA643175,Stella,Dupont,GP_NI,Non inscrit,NI,450,553,81.4,2026-05-31T18:39:03.755143+00:00
PA842073,Gaëtan,Dussausaye,PO845401,Rassemblement National,RN,509,544,93.6,2026-05-31T18:39:03.755143+00:00
PA841761,Aurélien,Dutremble,PO845401,Rassemblement National,RN,343,348,98.6,2026-05-31T18:39:03.755143+00:00
PA794854,Iñaki,Echaniz,PO845419,Socialistes et apparentés,SOC,491,499,98.4,2026-05-31T18:39:03.755143+00:00
PA720390,Jérôme,End,,,,,,,
PA794718,Christine,Engrand,GP_NI,Non inscrit,NI,140,176,79.5,2026-05-31T18:39:03.755143+00:00
PA795844,Karen,Erodi,PO845413,La France insoumise - Nouveau Front Populaire,LFI-NFP,705,711,99.2,2026-05-31T18:39:03.755143+00:00
PA607193,Sophie,Errante,GP_NI,Non inscrit,NI,226,246,91.9,2026-05-31T18:39:03.755143+00:00
PA842195,Romain,Eskenazi,PO845419,Socialistes et apparentés,SOC,384,392,98.0,2026-05-31T18:39:03.755143+00:00
PA841621,Auguste,Evrard,PO845401,Rassemblement National,RN,291,294,99.0,2026-05-31T18:39:03.755143+00:00
PA794658,Philippe,Fait,PO845470,Horizons & Indépendants,HOR,224,296,75.7,2026-05-31T18:39:03.755143+00:00
PA793246,Frédéric,Falcon,PO845401,Rassemblement National,RN,398,402,99.0,2026-05-31T18:39:03.755143+00:00
PA721896,Elsa,Faucillon,PO845514,Gauche Démocrate et Républicaine,GDR,159,173,91.9,2026-05-31T18:39:03.755143+00:00
PA609332,Olivier,Faure,PO845419,Socialistes et apparentés,SOC,178,187,95.2,2026-05-31T18:39:03.755143+00:00
PA267042,Yannick,Favennec-Bécot,PO845485,"Libertés, Indépendants, Outre-mer et Territoires",LIOT,218,238,91.6,2026-05-31T18:39:03.755143+00:00
PA840773,Olivier,Fayssat,PO872880,Union des droites pour la République,UDDPLR,638,642,99.4,2026-05-31T18:39:03.755143+00:00
PA841665,Denis,Fégné,PO845419,Socialistes et apparentés,SOC,593,609,97.4,2026-05-31T18:39:03.755143+00:00
PA841251,Mathilde,Feld,PO845413,La France insoumise - Nouveau Front Populaire,LFI-NFP,474,481,98.5,2026-05-31T18:39:03.755143+00:00
PA794786,Emmanuel,Fernandes,PO845413,La France insoumise - Nouveau Front Populaire,LFI-NFP,723,728,99.3,2026-05-31T18:39:03.755143+00:00
PA795884,Marc,Ferracci,PO845407,Ensemble pour la République,EPR,157,160,98.1,2026-05-31T18:39:03.755143+00:00
PA794870,Sylvie,Ferrer,PO845413,La France insoumise - Nouveau Front Populaire,LFI-NFP,501,506,99.0,2026-05-31T18:39:03.755143+00:00
PA719938,Marc,Fesneau,PO845454,Les Démocrates,DEM,294,305,96.4,2026-05-31T18:39:03.755143+00:00
PA722134,Jean-Marie,Fiévet,PO845407,Ensemble pour la République,EPR,307,310,99.0,2026-05-31T18:39:03.755143+00:00
PA267780,Agnès,Firmin Le Bodo,PO845470,Horizons & Indépendants,HOR,413,470,87.9,2026-05-31T18:39:03.755143+00:00
PA840143,Guillaume,Florquin,PO845401,Rassemblement National,RN,539,541,99.6,2026-05-31T18:39:03.755143+00:00
PA840801,Emmanuel,Fouquart,PO845401,Rassemblement National,RN,240,240,100.0,2026-05-31T18:39:03.755143+00:00
PA793980,Charles,Fournier,PO845439,Écologiste et Social,ECOS,247,253,97.6,2026-05-31T18:39:03.755143+00:00
PA794678,Thierry,Frappé,PO845401,Rassemblement National,RN,742,748,99.2,2026-05-31T18:39:03.755143+00:00
PA840235,Moerani,Frébault,PO845407,Ensemble pour la République,EPR,122,124,98.4,2026-05-31T18:39:03.755143+00:00
PA822617,Martine,Froger,PO845419,Socialistes et apparentés,SOC,398,426,93.4,2026-05-31T18:39:03.755143+00:00
PA841151,Alix,Fruchon,PO845425,Droite Républicaine,DR,211,289,73.0,2026-05-31T18:39:03.755143+00:00
PA722284,Bruno,Fuchs,PO845454,Les Démocrates,DEM,218,229,95.2,2026-05-31T18:39:03.755143+00:00
PA722366,Jean-Luc,Fugit,PO845407,Ensemble pour la République,EPR,617,633,97.5,2026-05-31T18:39:03.755143+00:00
PA841139,Julien,Gabarron,PO845401,Rassemblement National,RN,195,197,99.0,2026-05-31T18:39:03.755143+00:00
PA796070,Perceval,Gaillard,PO845413,La France insoumise - Nouveau Front Populaire,LFI-NFP,337,340,99.1,2026-05-31T18:39:03.755143+00:00
PA793892,Stéphanie,Galzy,PO845401,Rassemblement National,RN,226,249,90.8,2026-05-31T18:39:03.755143+00:00
PA795010,Marie-Charlotte,Garin,PO845439,Écologiste et Social,ECOS,339,342,99.1,2026-05-31T18:39:03.755143+00:00
PA333285,Guillaume,Garot,PO845419,Socialistes et apparentés,SOC,488,493,99.0,2026-05-31T18:39:03.755143+00:00
PA722358,Thomas,Gassilloud,PO845407,Ensemble pour la République,EPR,141,149,94.6,2026-05-31T18:39:03.755143+00:00
PA721024,Anne,Genetet,PO845407,Ensemble pour la République,EPR,237,248,95.6,2026-05-31T18:39:03.755143+00:00
PA794470,Félicie,Gérard,PO845470,Horizons & Indépendants,HOR,327,356,91.9,2026-05-31T18:39:03.755143+00:00
PA794234,François,Gernigon,PO845470,Horizons & Indépendants,HOR,409,447,91.5,2026-05-31T18:39:03.755143+00:00
PA793556,Sabine,Gervais,,,,,,,
PA841737,Jonathan,Gery,PO845401,Rassemblement National,RN,602,604,99.7,2026-05-31T18:39:03.755143+00:00
PA796034,Frank,Giletti,PO845401,Rassemblement National,RN,496,497,99.8,2026-05-31T18:39:03.755143+00:00
PA793832,Yoann,Gillet,PO845401,Rassemblement National,RN,368,390,94.4,2026-05-31T18:39:03.755143+00:00
PA793102,Christian,Girard,PO845401,Rassemblement National,RN,727,737,98.6,2026-05-31T18:39:03.755143+00:00
PA841419,Damien,Girard,PO845439,Écologiste et Social,ECOS,164,167,98.2,2026-05-31T18:39:03.755143+00:00
PA718674,Olga,Givernet,PO845407,Ensemble pour la République,EPR,347,350,99.1,2026-05-31T18:39:03.755143+00:00
PA840939,Océane,Godard,PO845419,Socialistes et apparentés,SOC,536,541,99.1,2026-05-31T18:39:03.755143+00:00
PA841605,Antoine,Golliot,PO845401,Rassemblement National,RN,298,298,100.0,2026-05-31T18:39:03.755143+00:00
PA793362,José,Gonzalez,PO845401,Rassemblement National,RN,513,516,99.4,2026-05-31T18:39:03.755143+00:00
PA266797,Philippe,Gosselin,PO845425,Droite Républicaine,DR,337,353,95.5,2026-05-31T18:39:03.755143+00:00
PA331973,Pascale,Got,PO845419,Socialistes et apparentés,SOC,321,328,97.9,2026-05-31T18:39:03.755143+00:00
PA721296,Guillaume,Gouffier Valente,PO845407,Ensemble pour la République,EPR,429,439,97.7,2026-05-31T18:39:03.755143+00:00
PA794418,Florence,Goulet,PO845401,Rassemblement National,RN,592,598,99.0,2026-05-31T18:39:03.755143+00:00
PA720560,Perrine,Goulet,PO845454,Les Démocrates,DEM,346,369,93.8,2026-05-31T18:39:03.755143+00:00
PA793592,Géraldine,Grangier,PO845401,Rassemblement National,RN,568,571,99.5,2026-05-31T18:39:03.755143+00:00
PA721764,Olivia,Grégoire,PO845407,Ensemble pour la République,EPR,193,204,94.6,2026-05-31T18:39:03.755143+00:00
PA267318,Jean-Carles,Grelier,PO845454,Les Démocrates,DEM,83,90,92.2,2026-05-31T18:39:03.755143+00:00
PA795540,Daniel,Grenon,GP_NI,Non inscrit,NI,122,149,81.9,2026-05-31T18:39:03.755143+00:00
PA840757,Monique,Griseti,PO845401,Rassemblement National,RN,566,571,99.1,2026-05-31T18:39:03.755143+00:00
PA794058,Justine,Gruet,PO845425,Droite Républicaine,DR,555,575,96.5,2026-05-31T18:39:03.755143+00:00
PA1567,Jérôme,Guedj,PO845419,Socialistes et apparentés,SOC,385,407,94.6,2026-05-31T18:39:03.755143+00:00
PA795310,Clémence,Guetté,PO845413,La France insoumise - Nouveau Front Populaire,LFI-NFP,337,337,100.0,2026-05-31T18:39:03.755143+00:00
PA841451,Julien,Guibert,PO845401,Rassemblement National,RN,697,703,99.1,2026-05-31T18:39:03.755143+00:00
PA721612,Carole,Guillerm,,,,,,,
PA794734,Michel,Guiniot,PO845401,Rassemblement National,RN,236,237,99.6,2026-05-31T18:39:03.755143+00:00
PA793218,Jordan,Guitton,PO845401,Rassemblement National,RN,597,606,98.5,2026-05-31T18:39:03.755143+00:00
PA795258,Frantz,Gumbs,PO845454,Les Démocrates,DEM,200,206,97.1,2026-05-31T18:39:03.755143+00:00
PA842013,Steevy,Gustave,PO845439,Écologiste et Social,ECOS,640,672,95.2,2026-05-31T18:39:03.755143+00:00
PA1592,David,Habib,PO845485,"Libertés, Indépendants, Outre-mer et Territoires",LIOT,182,231,78.8,2026-05-31T18:39:03.755143+00:00
PA841471,Stéphane,Hablot,PO845419,Socialistes et apparentés,SOC,242,250,96.8,2026-05-31T18:39:03.755143+00:00
PA842263,Ayda,Hadizadeh,PO845419,Socialistes et apparentés,SOC,416,428,97.2,2026-05-31T18:39:03.755143+00:00
PA841947,Zahia,Hamdane,PO845413,La France insoumise - Nouveau Front Populaire,LFI-NFP,547,549,99.6,2026-05-31T18:39:03.755143+00:00
PA795900,Marine,Hamelet,PO845401,Rassemblement National,RN,953,962,99.1,2026-05-31T18:39:03.755143+00:00
PA722070,Pierre,Henriet,PO845470,Horizons & Indépendants,HOR,268,292,91.8,2026-05-31T18:39:03.755143+00:00
PA1630,Michel,Herbillon,PO845425,Droite Républicaine,DR,109,111,98.2,2026-05-31T18:39:03.755143+00:00
PA841813,Florence,Herouin-Léautey,PO845419,Socialistes et apparentés,SOC,422,431,97.9,2026-05-31T18:39:03.755143+00:00
PA840947,Catherine,Hervieu,PO845439,Écologiste et Social,ECOS,358,369,97.0,2026-05-31T18:39:03.755143+00:00
PA841853,Céline,Hervieu,PO845419,Socialistes et apparentés,SOC,278,288,96.5,2026-05-31T18:39:03.755143+00:00
PA608416,Patrick,Hetzel,PO845425,Droite Républicaine,DR,508,532,95.5,2026-05-31T18:39:03.755143+00:00
PA794082,Mathilde,Hignet,PO845413,La France insoumise - Nouveau Front Populaire,LFI-NFP,507,510,99.4,2026-05-31T18:39:03.755143+00:00
PA1654,François,Hollande,PO845419,Socialistes et apparentés,SOC,178,188,94.7,2026-05-31T18:39:03.755143+00:00
PA722150,Sacha,Houlié,PO845419,Socialistes et apparentés,SOC,233,270,86.3,2026-05-31T18:39:03.755143+00:00
PA793632,Timothée,Houssin,PO845401,Rassemblement National,RN,411,418,98.3,2026-05-31T18:39:03.755143+00:00
PA842085,Sébastien,Humbert,PO845401,Rassemblement National,RN,815,822,99.1,2026-05-31T18:39:03.755143+00:00
PA841017,Harold,Huwart,PO845485,"Libertés, Indépendants, Outre-mer et Territoires",LIOT,186,214,86.9,2026-05-31T18:39:03.755143+00:00
PA267200,Sébastien,Huyghe,PO845407,Ensemble pour la République,EPR,417,516,80.8,2026-05-31T18:39:03.755143+00:00
PA795954,Catherine,Ibled,PO845407,Ensemble pour la République,EPR,220,231,95.2,2026-05-31T18:39:03.755143+00:00
PA794022,Jérémie,Iordanoff,PO845439,Écologiste et Social,ECOS,388,416,93.3,2026-05-31T18:39:03.755143+00:00
PA722374,Cyrille,Isaac-Sibille,PO845454,Les Démocrates,DEM,311,355,87.6,2026-05-31T18:39:03.755143+00:00
PA720354,Jean-Michel,Jacques,PO845407,Ensemble pour la République,EPR,108,110,98.2,2026-05-31T18:39:03.755143+00:00
PA841439,Pascal,Jenft,PO845401,Rassemblement National,RN,440,442,99.5,2026-05-31T18:39:03.755143+00:00
PA719778,François,Jolivet,PO845470,Horizons & Indépendants,HOR,300,318,94.3,2026-05-31T18:39:03.755143+00:00
PA794030,Alexis,Jolly,PO845401,Rassemblement National,RN,303,312,97.1,2026-05-31T18:39:03.755143+00:00
PA841749,Tiffany,Joncour,PO845401,Rassemblement National,RN,492,498,98.8,2026-05-31T18:39:03.755143+00:00
PA840745,Édouard,Jordan,,,,,,,
PA841075,Sylvie,Josserand,PO845401,Rassemblement National,RN,558,559,99.8,2026-05-31T18:39:03.755143+00:00
PA720038,Sandrine,Josso,PO845454,Les Démocrates,DEM,371,392,94.6,2026-05-31T18:39:03.755143+00:00
PA840869,Florence,Joubert,PO845401,Rassemblement National,RN,583,589,99.0,2026-05-31T18:39:03.755143+00:00
PA643192,Chantal,Jourdan,PO845419,Socialistes et apparentés,SOC,659,700,94.1,2026-05-31T18:39:03.755143+00:00
PA346782,Philippe,Juvin,PO845425,Droite Républicaine,DR,423,465,91.0,2026-05-31T18:39:03.755143+00:00
PA795998,Émeline,K/Bidi,PO845514,Gauche Démocrate et Républicaine,GDR,181,188,96.3,2026-05-31T18:39:03.755143+00:00
PA335054,Marietta,Karamanli,PO845419,Socialistes et apparentés,SOC,420,439,95.7,2026-05-31T18:39:03.755143+00:00
PA719372,Guillaume,Kasbarian,PO845407,Ensemble pour la République,EPR,257,266,96.6,2026-05-31T18:39:03.755143+00:00
PA795156,Fatiha,Keloua Hachi,PO845419,Socialistes et apparentés,SOC,319,331,96.4,2026-05-31T18:39:03.755143+00:00
PA794130,Andy,Kerbrat,PO845413,La France insoumise - Nouveau Front Populaire,LFI-NFP,440,447,98.4,2026-05-31T18:39:03.755143+00:00
PA719052,Loïc,Kervran,PO845470,Horizons & Indépendants,HOR,349,371,94.1,2026-05-31T18:39:03.755143+00:00
PA643184,Brigitte,Klinkert,PO845407,Ensemble pour la République,EPR,499,509,98.0,2026-05-31T18:39:03.755143+00:00
PA719798,Daniel,Labaronne,PO845407,Ensemble pour la République,EPR,285,294,96.9,2026-05-31T18:39:03.755143+00:00
PA720846,Bastien,Lachaud,PO845413,La France insoumise - Nouveau Front Populaire,LFI-NFP,396,397,99.7,2026-05-31T18:39:03.755143+00:00
PA794146,Julie,Laernoes,PO845439,Écologiste et Social,ECOS,367,369,99.5,2026-05-31T18:39:03.755143+00:00
PA841223,Tristan,Lahais,PO845439,Écologiste et Social,ECOS,552,561,98.4,2026-05-31T18:39:03.755143+00:00
PA841729,Abdelkader,Lahmar,PO845413,La France insoumise - Nouveau Front Populaire,LFI-NFP,204,207,98.6,2026-05-31T18:39:03.755143+00:00
PA795516,Maxime,Laisney,PO845413,La France insoumise - Nouveau Front Populaire,LFI-NFP,705,712,99.0,2026-05-31T18:39:03.755143+00:00
PA721004,Amélia,Lakrafi,PO845407,Ensemble pour la République,EPR,102,104,98.1,2026-05-31T18:39:03.755143+00:00
PA795390,Sandrine,Lalanne,PO845407,Ensemble pour la République,EPR,335,372,90.1,2026-05-31T18:39:03.755143+00:00
PA842125,Thomas,Lam,PO845470,Horizons & Indépendants,HOR,524,661,79.3,2026-05-31T18:39:03.755143+00:00
PA794354,Hélène,Laporte,PO845401,Rassemblement National,RN,217,217,100.0,2026-05-31T18:39:03.755143+00:00
PA795334,Benoît,Larrouquis,PO845407,Ensemble pour la République,EPR,174,176,98.9,2026-05-31T18:39:03.755143+00:00
PA721984,Philippe,Latombe,PO845454,Les Démocrates,DEM,203,212,95.8,2026-05-31T18:39:03.755143+00:00
PA857021,Alim,Latrèche,,,,,,,
PA720022,Michel,Lauzzana,PO845407,Ensemble pour la République,EPR,620,647,95.8,2026-05-31T18:39:03.755143+00:00
PA795912,Laure,Lavalette,PO845401,Rassemblement National,RN,72,74,97.3,2026-05-31T18:39:03.755143+00:00
PA841837,Robert,Le Bourgeois,PO845401,Rassemblement National,RN,532,534,99.6,2026-05-31T18:39:03.755143+00:00
PA841515,Aurélien,Le Coq,PO845413,La France insoumise - Nouveau Front Populaire,LFI-NFP,298,300,99.3,2026-05-31T18:39:03.755143+00:00
PA719412,Sandrine,Le Feur,PO845407,Ensemble pour la République,EPR,232,236,98.3,2026-05-31T18:39:03.755143+00:00
PA840979,Corentin,Le Fur,PO845425,Droite Républicaine,DR,405,422,96.0,2026-05-31T18:39:03.755143+00:00
PA719404,Didier,Le Gac,PO845407,Ensemble pour la République,EPR,314,318,98.7,2026-05-31T18:39:03.755143+00:00
PA795672,Arnaud,Le Gall,PO845413,La France insoumise - Nouveau Front Populaire,LFI-NFP,418,424,98.6,2026-05-31T18:39:03.755143+00:00
PA345722,Constance,Le Grip,PO845407,Ensemble pour la République,EPR,280,292,95.9,2026-05-31T18:39:03.755143+00:00
PA719388,Annaïg,Le Meur,PO845407,Ensemble pour la République,EPR,348,350,99.4,2026-05-31T18:39:03.755143+00:00
PA719756,Christine,Le Nabour,PO845407,Ensemble pour la République,EPR,391,403,97.0,2026-05-31T18:39:03.755143+00:00
PA720342,Nicole,Le Peih,PO845407,Ensemble pour la République,EPR,228,232,98.3,2026-05-31T18:39:03.755143+00:00
PA720614,Marine,Le Pen,PO845401,Rassemblement National,RN,94,96,97.9,2026-05-31T18:39:03.755143+00:00
PA795746,Antoine,Léaument,PO845413,La France insoumise - Nouveau Front Populaire,LFI-NFP,356,357,99.7,2026-05-31T18:39:03.755143+00:00
PA721852,Marie,Lebec,PO845407,Ensemble pour la République,EPR,335,341,98.2,2026-05-31T18:39:03.755143+00:00
PA774962,Karine,Lebon,PO845514,Gauche Démocrate et Républicaine,GDR,207,219,94.5,2026-05-31T18:39:03.755143+00:00
PA795108,Élise,Leboucher,PO845413,La France insoumise - Nouveau Front Populaire,LFI-NFP,704,709,99.3,2026-05-31T18:39:03.755143+00:00
PA795374,Pascal,Lecamp,PO845454,Les Démocrates,DEM,481,522,92.1,2026-05-31T18:39:03.755143+00:00
PA796026,Julie,Lechanteux,PO845401,Rassemblement National,RN,187,187,100.0,2026-05-31T18:39:03.755143+00:00
PA840857,Nadine,Lechon,PO845401,Rassemblement National,RN,565,568,99.5,2026-05-31T18:39:03.755143+00:00
PA335612,Jean-Paul,Lecoq,PO845514,Gauche Démocrate et Républicaine,GDR,247,253,97.6,2026-05-31T18:39:03.755143+00:00
PA712014,Vincent,Ledoux,PO845407,Ensemble pour la République,EPR,180,187,96.3,2026-05-31T18:39:03.755143+00:00
PA795298,Jérôme,Legavre,PO845413,La France insoumise - Nouveau Front Populaire,LFI-NFP,354,354,100.0,2026-05-31T18:39:03.755143+00:00
PA791824,Sarah,Legrain,PO845413,La France insoumise - Nouveau Front Populaire,LFI-NFP,732,740,98.9,2026-05-31T18:39:03.755143+00:00
PA842029,Claire,Lejeune,PO845413,La France insoumise - Nouveau Front Populaire,LFI-NFP,558,563,99.1,2026-05-31T18:39:03.755143+00:00
PA793290,Gisèle,Lelouis,PO845401,Rassemblement National,RN,681,687,99.1,2026-05-31T18:39:03.755143+00:00
PA794838,Didier,Lemaire,PO845470,Horizons & Indépendants,HOR,222,228,97.4,2026-05-31T18:39:03.755143+00:00
PA721632,Patricia,Lemoine,,,,,,,
PA840983,Bartolomé,Lenoir,PO872880,Union des droites pour la République,UDDPLR,315,321,98.1,2026-05-31T18:39:03.755143+00:00
PA795244,Stéphane,Lenormand,PO845485,"Libertés, Indépendants, Outre-mer et Territoires",LIOT,218,245,89.0,2026-05-31T18:39:03.755143+00:00
PA793532,Murielle,Lepvraud,PO845413,La France insoumise - Nouveau Front Populaire,LFI-NFP,725,729,99.5,2026-05-31T18:39:03.755143+00:00
PA774958,Gérard,Leseul,PO845419,Socialistes et apparentés,SOC,583,628,92.8,2026-05-31T18:39:03.755143+00:00
PA227089,Valérie,Létard,PO845485,"Libertés, Indépendants, Outre-mer et Territoires",LIOT,23,28,82.1,2026-05-31T18:39:03.755143+00:00
PA793608,Katiana,Levavasseur,PO845401,Rassemblement National,RN,473,478,99.0,2026-05-31T18:39:03.755143+00:00
PA840765,Laurent,Lhardit,PO845419,Socialistes et apparentés,SOC,454,482,94.2,2026-05-31T18:39:03.755143+00:00
PA642725,Eric,Liégeon,PO845425,Droite Républicaine,DR,446,541,82.4,2026-05-31T18:39:03.755143+00:00
PA794750,Thierry,Liger,,,,,,,
PA841873,Julien,Limongi,PO845401,Rassemblement National,RN,530,535,99.1,2026-05-31T18:39:03.755143+00:00
PA794702,Delphine,Lingemann,PO845454,Les Démocrates,DEM,413,438,94.3,2026-05-31T18:39:03.755143+00:00
PA840967,René,Lioret,PO845401,Rassemblement National,RN,259,263,98.5,2026-05-31T18:39:03.755143+00:00
PA720446,Brigitte,Liso,PO845407,Ensemble pour la République,EPR,532,543,98.0,2026-05-31T18:39:03.755143+00:00
PA793672,Christine,Loir,PO845401,Rassemblement National,RN,861,873,98.6,2026-05-31T18:39:03.755143+00:00
PA721932,Marie-France,Lorho,PO845401,Rassemblement National,RN,652,654,99.7,2026-05-31T18:39:03.755143+00:00
PA795974,Philippe,Lottiaux,PO845401,Rassemblement National,RN,571,580,98.4,2026-05-31T18:39:03.755143+00:00
PA794590,Alexandre,Loubet,PO845401,Rassemblement National,RN,283,287,98.6,2026-05-31T18:39:03.755143+00:00
PA879389,Marie-Philippe,Lubet,PO845407,Ensemble pour la République,EPR,12,12,100.0,2026-05-31T18:39:03.755143+00:00
PA795636,Benjamin,Lucas-Lundy,PO845439,Écologiste et Social,ECOS,234,240,97.5,2026-05-31T18:39:03.755143+00:00
PA794578,Véronique,Ludmann,GP_NI,Non inscrit,NI,16,17,94.1,2026-05-31T18:39:03.755143+00:00
PA841587,David,Magnier,PO845401,Rassemblement National,RN,877,880,99.7,2026-05-31T18:39:03.755143+00:00
PA720230,Lise,Magnier,PO845470,Horizons & Indépendants,HOR,528,582,90.7,2026-05-31T18:39:03.755143+00:00
PA717379,Sylvain,Maillard,PO845407,Ensemble pour la République,EPR,252,259,97.3,2026-05-31T18:39:03.755143+00:00
PA796010,Frédéric,Maillot,PO845514,Gauche Démocrate et Républicaine,GDR,92,97,94.8,2026-05-31T18:39:03.755143+00:00
PA794114,Emmanuel,Mandon,PO845454,Les Démocrates,DEM,215,305,70.5,2026-05-31T18:39:03.755143+00:00
PA841183,Hanane,Mansouri,PO872880,Union des droites pour la République,UDDPLR,317,322,98.4,2026-05-31T18:39:03.755143+00:00
PA841563,Claire,Marais-Beuil,PO845401,Rassemblement National,RN,813,819,99.3,2026-05-31T18:39:03.755143+00:00
PA605782,Laurent,Marcangeli,PO845470,Horizons & Indépendants,HOR,83,85,97.6,2026-05-31T18:39:03.755143+00:00
PA794530,Matthieu,Marchio,PO845401,Rassemblement National,RN,359,369,97.3,2026-05-31T18:39:03.755143+00:00
PA795730,Bastien,Marchive,PO845407,Ensemble pour la République,EPR,396,419,94.5,2026-05-31T18:39:03.755143+00:00
PA794206,Christophe,Marion,PO845407,Ensemble pour la République,EPR,715,730,97.9,2026-05-31T18:39:03.755143+00:00
PA840837,Pascal,Markowsky,PO845401,Rassemblement National,RN,647,658,98.3,2026-05-31T18:39:03.755143+00:00
PA794518,Pierre,Marle,,,,,,,
PA719080,Sandra,Marsaud,PO845407,Ensemble pour la République,EPR,250,255,98.0,2026-05-31T18:39:03.755143+00:00
PA793342,Alexandra,Martin (Alpes-Maritimes),PO845425,Droite Républicaine,DR,111,120,92.5,2026-05-31T18:39:03.755143+00:00
PA793944,Alexandra,Martin (Gironde),,,,,,,
PA342384,Élisa,Martin,PO845413,La France insoumise - Nouveau Front Populaire,LFI-NFP,420,423,99.3,2026-05-31T18:39:03.755143+00:00
PA841825,Patrice,Martin,PO845401,Rassemblement National,RN,757,769,98.4,2026-05-31T18:39:03.755143+00:00
PA795100,Éric,Martineau,PO845454,Les Démocrates,DEM,575,595,96.6,2026-05-31T18:39:03.755143+00:00
PA794770,Michèle,Martinez,PO845401,Rassemblement National,RN,341,342,99.7,2026-05-31T18:39:03.755143+00:00
PA720146,Denis,Masséglia,PO845407,Ensemble pour la République,EPR,337,345,97.7,2026-05-31T18:39:03.755143+00:00
PA720976,Max,Mathiasin,PO845485,"Libertés, Indépendants, Outre-mer et Territoires",LIOT,50,61,82.0,2026-05-31T18:39:03.755143+00:00
PA720728,Jean-Paul,Mattei,PO845454,Les Démocrates,DEM,546,568,96.1,2026-05-31T18:39:03.755143+00:00
PA795422,Damien,Maudet,PO845413,La France insoumise - Nouveau Front Populaire,LFI-NFP,322,323,99.7,2026-05-31T18:39:03.755143+00:00
PA842271,Emmanuel,Maurel,PO845514,Gauche Démocrate et Républicaine,GDR,214,242,88.4,2026-05-31T18:39:03.755143+00:00
PA794262,Patricia,Maussion,,,,,,,
PA793616,Kévin,Mauvieux,PO845401,Rassemblement National,RN,548,552,99.3,2026-05-31T18:39:03.755143+00:00
PA794686,Marianne,Maximi,PO845413,La France insoumise - Nouveau Front Populaire,LFI-NFP,184,184,100.0,2026-05-31T18:39:03.755143+00:00
PA841931,Laurent,Mazaury,PO845485,"Libertés, Indépendants, Outre-mer et Territoires",LIOT,289,326,88.7,2026-05-31T18:39:03.755143+00:00
PA719436,Nicolas,Meizonnet,PO845401,Rassemblement National,RN,122,124,98.4,2026-05-31T18:39:03.755143+00:00
PA719338,Graziella,Melchior,PO845407,Ensemble pour la République,EPR,468,474,98.7,2026-05-31T18:39:03.755143+00:00
PA793354,Joëlle,Mélin,PO845401,Rassemblement National,RN,370,375,98.7,2026-05-31T18:39:03.755143+00:00
PA795786,Yaël,Ménaché,PO845401,Rassemblement National,RN,188,188,100.0,2026-05-31T18:39:03.755143+00:00
PA794322,Thomas,Ménagé,PO845401,Rassemblement National,RN,368,398,92.5,2026-05-31T18:39:03.755143+00:00
PA720370,Ludovic,Mendes,PO845407,Ensemble pour la République,EPR,268,273,98.2,2026-05-31T18:39:03.755143+00:00
PA841463,Estelle,Mercier,PO845419,Socialistes et apparentés,SOC,557,573,97.2,2026-05-31T18:39:03.755143+00:00
PA841215,Marie,Mesmeur,PO845413,La France insoumise - Nouveau Front Populaire,LFI-NFP,366,370,98.9,2026-05-31T18:39:03.755143+00:00
PA719640,Sophie,Mette,PO845454,Les Démocrates,DEM,518,551,94.0,2026-05-31T18:39:03.755143+00:00
PA795176,Nicolas,Metzdorf,PO845407,Ensemble pour la République,EPR,220,225,97.8,2026-05-31T18:39:03.755143+00:00
PA719272,Frédérique,Meunier,PO845425,Droite Républicaine,DR,158,291,54.3,2026-05-31T18:39:03.755143+00:00
PA795482,Manon,Meunier,PO845413,La France insoumise - Nouveau Front Populaire,LFI-NFP,279,280,99.6,2026-05-31T18:39:03.755143+00:00
PA793852,Pierre,Meurin,PO845401,Rassemblement National,RN,479,486,98.6,2026-05-31T18:39:03.755143+00:00
PA841395,Maxime,Michelet,PO872880,Union des droites pour la République,UDDPLR,416,422,98.6,2026-05-31T18:39:03.755143+00:00
PA841769,Éric,Michoux,PO872880,Union des droites pour la République,UDDPLR,411,420,97.9,2026-05-31T18:39:03.755143+00:00
PA795664,Paul,Midy,PO845407,Ensemble pour la République,EPR,420,421,99.8,2026-05-31T18:39:03.755143+00:00
PA817203,Laure,Miller,PO845407,Ensemble pour la République,EPR,263,289,91.0,2026-05-31T18:39:03.755143+00:00
PA643104,Christelle,Minard,PO845425,Droite Républicaine,DR,362,377,96.0,2026-05-31T18:39:03.755143+00:00
PA795962,Joséphine,Missoffe,PO845407,Ensemble pour la République,EPR,374,414,90.3,2026-05-31T18:39:03.755143+00:00
PA607619,Paul,Molac,PO845485,"Libertés, Indépendants, Outre-mer et Territoires",LIOT,279,336,83.0,2026-05-31T18:39:03.755143+00:00
PA842147,Christophe,Mongardien,PO845407,Ensemble pour la République,EPR,614,630,97.5,2026-05-31T18:39:03.755143+00:00
PA793174,Yannick,Monnet,PO845514,Gauche Démocrate et Républicaine,GDR,265,293,90.4,2026-05-31T18:39:03.755143+00:00
PA840915,Thibaut,Monnier,PO845401,Rassemblement National,RN,306,307,99.7,2026-05-31T18:39:03.755143+00:00
PA794810,Louise,Morel,PO845454,Les Démocrates,DEM,550,603,91.2,2026-05-31T18:39:03.755143+00:00
PA793696,Serge,Muller,PO845401,Rassemblement National,RN,560,562,99.6,2026-05-31T18:39:03.755143+00:00
PA795820,Marcellin,Nadeau,PO845514,Gauche Démocrate et Républicaine,GDR,102,108,94.4,2026-05-31T18:39:03.755143+00:00
PA721486,Christophe,Naegelen,PO845485,"Libertés, Indépendants, Outre-mer et Territoires",LIOT,174,192,90.6,2026-05-31T18:39:03.755143+00:00
PA643157,Philippe,Naillet,PO845419,Socialistes et apparentés,SOC,387,397,97.5,2026-05-31T18:39:03.755143+00:00
PA794038,Yannick,Neuder,PO845425,Droite Républicaine,DR,145,156,92.9,2026-05-31T18:39:03.755143+00:00
PA610654,Jean-Philippe,Nilor,PO845413,La France insoumise - Nouveau Front Populaire,LFI-NFP,85,98,86.7,2026-05-31T18:39:03.755143+00:00
PA841191,Sandrine,Nosbé,PO845413,La France insoumise - Nouveau Front Populaire,LFI-NFP,438,441,99.3,2026-05-31T18:39:03.755143+00:00
PA841107,Jacques,Oberti,PO845419,Socialistes et apparentés,SOC,884,913,96.8,2026-05-31T18:39:03.755143+00:00
PA721960,Danièle,Obono,PO845413,La France insoumise - Nouveau Front Populaire,LFI-NFP,327,328,99.7,2026-05-31T18:39:03.755143+00:00
PA795552,Julien,Odoul,PO845401,Rassemblement National,RN,134,134,100.0,2026-05-31T18:39:03.755143+00:00
PA795722,Karl,Olive,PO845407,Ensemble pour la République,EPR,96,102,94.1,2026-05-31T18:39:03.755143+00:00
PA794830,Hubert,Ott,PO845454,Les Démocrates,DEM,306,332,92.2,2026-05-31T18:39:03.755143+00:00
PA842045,Julie,Ozenne,PO845439,Écologiste et Social,ECOS,358,366,97.8,2026-05-31T18:39:03.755143+00:00
PA793872,Nathalie,Oziol,PO845413,La France insoumise - Nouveau Front Populaire,LFI-NFP,177,178,99.4,2026-05-31T18:39:03.755143+00:00
PA795124,Didier,Padey,PO845454,Les Démocrates,DEM,119,132,90.2,2026-05-31T18:39:03.755143+00:00
PA720334,Jimmy,Pahun,PO845454,Les Démocrates,DEM,378,411,92.0,2026-05-31T18:39:03.755143+00:00
PA841993,Dominique,Paillat,,,,,,,
PA759832,Agnès,Pannier-Runacher,PO845407,Ensemble pour la République,EPR,341,370,92.2,2026-05-31T18:39:03.755143+00:00
PA719632,Sophie,Panonacle,PO845407,Ensemble pour la République,EPR,160,168,95.2,2026-05-31T18:39:03.755143+00:00
PA795050,Astrid,Panosyan-Bouvet,PO845407,Ensemble pour la République,EPR,95,187,50.8,2026-05-31T18:39:03.755143+00:00
PA720892,Mathilde,Panot,PO845413,La France insoumise - Nouveau Front Populaire,LFI-NFP,467,468,99.8,2026-05-31T18:39:03.755143+00:00
PA841381,Sophie,Pantel,PO845419,Socialistes et apparentés,SOC,720,762,94.5,2026-05-31T18:39:03.755143+00:00
PA794670,Caroline,Parmentier,PO845401,Rassemblement National,RN,344,346,99.4,2026-05-31T18:39:03.755143+00:00
PA720480,Charlotte,Parmentier-Lecocq,,,,,,,
PA793398,Jérémie,Patrier-Leitus,PO845470,Horizons & Indépendants,HOR,303,314,96.5,2026-05-31T18:39:03.755143+00:00
PA718784,Éric,Pauget,PO845425,Droite Républicaine,DR,127,130,97.7,2026-05-31T18:39:03.755143+00:00
PA840793,Marc,Pena,PO845419,Socialistes et apparentés,SOC,313,337,92.9,2026-05-31T18:39:03.755143+00:00
PA841199,Thierry,Perez,PO845401,Rassemblement National,RN,464,470,98.7,2026-05-31T18:39:03.755143+00:00
PA721182,Frédéric,Petit,PO845454,Les Démocrates,DEM,209,214,97.7,2026-05-31T18:39:03.755143+00:00
PA721234,Maud,Petit,PO845454,Les Démocrates,DEM,335,428,78.3,2026-05-31T18:39:03.755143+00:00
PA721270,Stéphane,Peu,PO845514,Gauche Démocrate et Républicaine,GDR,342,367,93.2,2026-05-31T18:39:03.755143+00:00
PA793708,Sébastien,Peytavie,PO845439,Écologiste et Social,ECOS,696,718,96.9,2026-05-31T18:39:03.755143+00:00
PA794582,Kévin,Pfeffer,PO845401,Rassemblement National,RN,494,517,95.6,2026-05-31T18:39:03.755143+00:00
PA794270,Anna,Pic,PO845419,Socialistes et apparentés,SOC,396,409,96.8,2026-05-31T18:39:03.755143+00:00
PA817211,René,Pilato,PO845413,La France insoumise - Nouveau Front Populaire,LFI-NFP,616,624,98.7,2026-05-31T18:39:03.755143+00:00
PA793756,François,Piquemal,PO845413,La France insoumise - Nouveau Front Populaire,LFI-NFP,132,133,99.2,2026-05-31T18:39:03.755143+00:00
PA608172,Christine,Pirès Beaune,PO845419,Socialistes et apparentés,SOC,502,516,97.3,2026-05-31T18:39:03.755143+00:00
PA721844,Béatrice,Piron,PO845470,Horizons & Indépendants,HOR,515,582,88.5,2026-05-31T18:39:03.755143+00:00
PA793572,Christophe,Plassard,PO845470,Horizons & Indépendants,HOR,255,259,98.5,2026-05-31T18:39:03.755143+00:00
PA793664,Marie,Pochon,PO845439,Écologiste et Social,ECOS,267,280,95.4,2026-05-31T18:39:03.755143+00:00
PA793656,Lisette,Pollet,PO845401,Rassemblement National,RN,833,835,99.8,2026-05-31T18:39:03.755143+00:00
PA719528,Jean-François,Portarrieu,PO845470,Horizons & Indépendants,HOR,69,76,90.8,2026-05-31T18:39:03.755143+00:00
PA796062,Thomas,Portes,PO845413,La France insoumise - Nouveau Front Populaire,LFI-NFP,486,491,99.0,2026-05-31T18:39:03.755143+00:00
PA794994,Alexandre,Portier,PO845425,Droite Républicaine,DR,141,148,95.3,2026-05-31T18:39:03.755143+00:00
PA607553,Dominique,Potier,PO845419,Socialistes et apparentés,SOC,345,498,69.3,2026-05-31T18:39:03.755143+00:00
PA720720,Josy,Poueyto,PO845454,Les Démocrates,DEM,378,408,92.6,2026-05-31T18:39:03.755143+00:00
PA795270,Marie-Agnès,Poussier-Winsback,PO845470,Horizons & Indépendants,HOR,328,355,92.4,2026-05-31T18:39:03.755143+00:00
PA721916,Natalia,Pouzyreff,PO845407,Ensemble pour la République,EPR,257,262,98.1,2026-05-31T18:39:03.755143+00:00
PA720100,Aurélien,Pradié,GP_NI,Non inscrit,NI,42,50,84.0,2026-05-31T18:39:03.755143+00:00
PA840955,Pierre,Pribetich,PO845419,Socialistes et apparentés,SOC,597,623,95.8,2026-05-31T18:39:03.755143+00:00
PA841367,Christophe,Proença,PO845419,Socialistes et apparentés,SOC,424,442,95.9,2026-05-31T18:39:03.755143+00:00
PA719578,Loïc,Prud'homme,PO845413,La France insoumise - Nouveau Front Populaire,LFI-NFP,188,193,97.4,2026-05-31T18:39:03.755143+00:00
PA795966,Stéphane,Rambaud,PO845401,Rassemblement National,RN,593,599,99.0,2026-05-31T18:39:03.755143+00:00
PA720092,Richard,Ramos,PO845454,Les Démocrates,DEM,94,107,87.9,2026-05-31T18:39:03.755143+00:00
PA793230,Angélique,Ranc,PO845401,Rassemblement National,RN,273,275,99.3,2026-05-31T18:39:03.755143+00:00
PA793254,Julien,Rancoule,PO845401,Rassemblement National,RN,670,682,98.2,2026-05-31T18:39:03.755143+00:00
PA721062,Jean-Hugues,Ratenon,PO845413,La France insoumise - Nouveau Front Populaire,LFI-NFP,255,258,98.8,2026-05-31T18:39:03.755143+00:00
PA720552,Isabelle,Rauch,PO845470,Horizons & Indépendants,HOR,229,237,96.6,2026-05-31T18:39:03.755143+00:00
PA794154,Jean-Claude,Raux,PO845439,Écologiste et Social,ECOS,490,501,97.8,2026-05-31T18:39:03.755143+00:00
PA793094,Nicolas,Ray,PO845425,Droite Républicaine,DR,442,457,96.7,2026-05-31T18:39:03.755143+00:00
PA341981,Marie,Récalde,PO845419,Socialistes et apparentés,SOC,314,318,98.7,2026-05-31T18:39:03.755143+00:00
PA794778,Sandra,Regol,PO845439,Écologiste et Social,ECOS,586,603,97.2,2026-05-31T18:39:03.755143+00:00
PA795240,Mereana,Reid Arbelot,PO845514,Gauche Démocrate et Républicaine,GDR,54,56,96.4,2026-05-31T18:39:03.755143+00:00
PA841955,Matthias,Renault,PO845401,Rassemblement National,RN,538,541,99.4,2026-05-31T18:39:03.755143+00:00
PA841377,Emeline,Rey-Rinchet,,,,,,,
PA840657,Sophie,Ricourt Vaginay,PO872880,Union des droites pour la République,UDDPLR,427,441,96.8,2026-05-31T18:39:03.755143+00:00
PA795876,Davy,Rimane,PO845514,Gauche Démocrate et Républicaine,GDR,57,59,96.6,2026-05-31T18:39:03.755143+00:00
PA841981,Catherine,Rimbert,PO845401,Rassemblement National,RN,648,652,99.4,2026-05-31T18:39:03.755143+00:00
PA721426,Véronique,Riotton,PO845407,Ensemble pour la République,EPR,366,372,98.4,2026-05-31T18:39:03.755143+00:00
PA842227,Joseph,Rivière,PO845401,Rassemblement National,RN,246,247,99.6,2026-05-31T18:39:03.755143+00:00
PA722252,Marie-Pierre,Rixain,PO845407,Ensemble pour la République,EPR,80,89,89.9,2026-05-31T18:39:03.755143+00:00
PA794442,Laurence,Robert-Dehault,PO845401,Rassemblement National,RN,366,369,99.2,2026-05-31T18:39:03.755143+00:00
PA795528,Charles,Rodwell,PO845407,Ensemble pour la République,EPR,215,230,93.5,2026-05-31T18:39:03.755143+00:00
PA266808,Vincent,Rolland,PO845425,Droite Républicaine,DR,123,125,98.4,2026-05-31T18:39:03.755143+00:00
PA841927,Anne-Sophie,Ronceret,PO845407,Ensemble pour la République,EPR,459,469,97.9,2026-05-31T18:39:03.755143+00:00
PA721458,Xavier,Roseren,PO845470,Horizons & Indépendants,HOR,113,115,98.3,2026-05-31T18:39:03.755143+00:00
PA840673,Valérie,Rossi,PO845419,Socialistes et apparentés,SOC,606,648,93.5,2026-05-31T18:39:03.755143+00:00
PA342196,Claudia,Rouaux,PO845419,Socialistes et apparentés,SOC,520,530,98.1,2026-05-31T18:39:03.755143+00:00
PA795410,Béatrice,Roullaud,PO845401,Rassemblement National,RN,464,478,97.1,2026-05-31T18:39:03.755143+00:00
PA606545,Jean-Louis,Roumégas,PO845439,Écologiste et Social,ECOS,187,187,100.0,2026-05-31T18:39:03.755143+00:00
PA826635,Aurélien,Rousseau,PO845419,Socialistes et apparentés,SOC,352,392,89.8,2026-05-31T18:39:03.755143+00:00
PA795076,Sandrine,Rousseau,PO845439,Écologiste et Social,ECOS,586,602,97.3,2026-05-31T18:39:03.755143+00:00
PA841327,Fabrice,Roussel,PO845419,Socialistes et apparentés,SOC,567,578,98.1,2026-05-31T18:39:03.755143+00:00
PA793270,Jean-François,Rousset,PO845407,Ensemble pour la République,EPR,778,789,98.6,2026-05-31T18:39:03.755143+00:00
PA842097,Sophie-Laurence,Roy,PO845401,Rassemblement National,RN,630,638,98.7,2026-05-31T18:39:03.755143+00:00
PA722142,François,Ruffin,PO845439,Écologiste et Social,ECOS,86,90,95.6,2026-05-31T18:39:03.755143+00:00
PA841717,Sandrine,Runel,PO845419,Socialistes et apparentés,SOC,623,637,97.8,2026-05-31T18:39:03.755143+00:00
PA794894,Anaïs,Sabatini,PO845401,Rassemblement National,RN,811,815,99.5,2026-05-31T18:39:03.755143+00:00
PA794570,Alexandre,Sabatou,PO845401,Rassemblement National,RN,423,461,91.8,2026-05-31T18:39:03.755143+00:00
PA841845,Arnaud,Saint-Martin,PO845413,La France insoumise - Nouveau Front Populaire,LFI-NFP,515,516,99.8,2026-05-31T18:39:03.755143+00:00
PA841243,Sébastien,Saint-Pasteur,PO845419,Socialistes et apparentés,SOC,296,304,97.4,2026-05-31T18:39:03.755143+00:00
PA720138,Laetitia,Saint-Paul,PO845470,Horizons & Indépendants,HOR,234,245,95.5,2026-05-31T18:39:03.755143+00:00
PA795982,Aurélien,Saintoul,PO845413,La France insoumise - Nouveau Front Populaire,LFI-NFP,610,614,99.3,2026-05-31T18:39:03.755143+00:00
PA794954,Emeric,Salmon,PO845401,Rassemblement National,RN,780,787,99.1,2026-05-31T18:39:03.755143+00:00
PA721110,Nicole,Sanquer,PO845485,"Libertés, Indépendants, Outre-mer et Territoires",LIOT,69,83,83.1,2026-05-31T18:39:03.755143+00:00
PA605745,Nicolas,Sansu,PO845514,Gauche Démocrate et Républicaine,GDR,233,245,95.1,2026-05-31T18:39:03.755143+00:00
PA774960,Isabelle,Santiago,PO845419,Socialistes et apparentés,SOC,349,372,93.8,2026-05-31T18:39:03.755143+00:00
PA610002,Eva,Sas,PO845439,Écologiste et Social,ECOS,331,341,97.1,2026-05-31T18:39:03.755143+00:00
PA340343,Hervé,Saulignac,PO845419,Socialistes et apparentés,SOC,283,287,98.6,2026-05-31T18:39:03.755143+00:00
PA721314,Raphaël,Schellenberger,GP_NI,Non inscrit,NI,48,50,96.0,2026-05-31T18:39:03.755143+00:00
PA796050,Philippe,Schreck,PO845401,Rassemblement National,RN,214,217,98.6,2026-05-31T18:39:03.755143+00:00
PA795808,Sabrina,Sebaihi,PO845439,Écologiste et Social,ECOS,317,330,96.1,2026-05-31T18:39:03.755143+00:00
PA757225,Mikaele,Seo,PO845407,Ensemble pour la République,EPR,71,72,98.6,2026-05-31T18:39:03.755143+00:00
PA720960,Olivier,Serva,PO845485,"Libertés, Indépendants, Outre-mer et Territoires",LIOT,41,53,77.4,2026-05-31T18:39:03.755143+00:00
PA842255,Anne,Sicard,PO845401,Rassemblement National,RN,554,557,99.5,2026-05-31T18:39:03.755143+00:00
PA841091,Arnaud,Simion,PO845419,Socialistes et apparentés,SOC,543,555,97.8,2026-05-31T18:39:03.755143+00:00
PA796018,Danielle,Simonnet,PO845439,Écologiste et Social,ECOS,415,428,97.0,2026-05-31T18:39:03.755143+00:00
PA794802,Charles,Sitzenstuhl,PO845407,Ensemble pour la République,EPR,738,893,82.6,2026-05-31T18:39:03.755143+00:00
PA720190,Bertrand,Sorre,PO845407,Ensemble pour la République,EPR,368,374,98.4,2026-05-31T18:39:03.755143+00:00
PA841681,Thierry,Sother,PO845419,Socialistes et apparentés,SOC,348,358,97.2,2026-05-31T18:39:03.755143+00:00
PA795466,Ersilia,Soudais,PO845413,La France insoumise - Nouveau Front Populaire,LFI-NFP,341,343,99.4,2026-05-31T18:39:03.755143+00:00
PA794486,Violette,Spillebout,PO845407,Ensemble pour la République,EPR,246,256,96.1,2026-05-31T18:39:03.755143+00:00
PA793744,Anne,Stambach-Terrenoir,PO845413,La France insoumise - Nouveau Front Populaire,LFI-NFP,608,608,100.0,2026-05-31T18:39:03.755143+00:00
PA267794,Michèle,Tabarot,PO845425,Droite Républicaine,DR,120,124,96.8,2026-05-31T18:39:03.755143+00:00
PA720952,Aurélien,Taché,PO845413,La France insoumise - Nouveau Front Populaire,LFI-NFP,123,125,98.4,2026-05-31T18:39:03.755143+00:00
PA793382,Emmanuel,Taché,PO845401,Rassemblement National,RN,216,217,99.5,2026-05-31T18:39:03.755143+00:00
PA736201,Sophie,Taillé-Polian,PO845439,Écologiste et Social,ECOS,252,260,96.9,2026-05-31T18:39:03.755143+00:00
PA794178,Jean-Pierre,Taite,PO845425,Droite Républicaine,DR,279,288,96.9,2026-05-31T18:39:03.755143+00:00
PA795778,Jean-Philippe,Tanguy,PO845401,Rassemblement National,RN,512,523,97.9,2026-05-31T18:39:03.755143+00:00
PA719550,Liliana,Tanguy,PO845407,Ensemble pour la République,EPR,468,603,77.6,2026-05-31T18:39:03.755143+00:00
PA793796,David,Taupiac,PO845485,"Libertés, Indépendants, Outre-mer et Territoires",LIOT,127,135,94.1,2026-05-31T18:39:03.755143+00:00
PA794106,Andrée,Taurinya,PO845413,La France insoumise - Nouveau Front Populaire,LFI-NFP,473,477,99.2,2026-05-31T18:39:03.755143+00:00
PA794166,Matthias,Tavel,PO845413,La France insoumise - Nouveau Front Populaire,LFI-NFP,313,315,99.4,2026-05-31T18:39:03.755143+00:00
PA794502,Michaël,Taverne,PO845401,Rassemblement National,RN,332,333,99.7,2026-05-31T18:39:03.755143+00:00
PA841713,Boris,Tavernier,PO845439,Écologiste et Social,ECOS,366,378,96.8,2026-05-31T18:39:03.755143+00:00
PA721584,Jean,Terlier,PO845407,Ensemble pour la République,EPR,253,265,95.5,2026-05-31T18:39:03.755143+00:00
PA841553,Thierry,Tesson,PO845401,Rassemblement National,RN,244,249,98.0,2026-05-31T18:39:03.755143+00:00
PA795920,Prisca,Thevenot,PO845407,Ensemble pour la République,EPR,483,496,97.4,2026-05-31T18:39:03.755143+00:00
PA841893,Céline,Thiébault-Martinez,PO845419,Socialistes et apparentés,SOC,374,385,97.1,2026-05-31T18:39:03.755143+00:00
PA722336,Vincent,Thiébaut,PO845470,Horizons & Indépendants,HOR,276,297,92.9,2026-05-31T18:39:03.755143+00:00
PA643089,Jean-Louis,Thiériot,PO845425,Droite Républicaine,DR,115,119,96.6,2026-05-31T18:39:03.755143+00:00
PA793948,Nicolas,Thierry,PO845439,Écologiste et Social,ECOS,249,254,98.0,2026-05-31T18:39:03.755143+00:00
PA719822,Sabine,Thillaye,PO845454,Les Démocrates,DEM,294,313,93.9,2026-05-31T18:39:03.755143+00:00
PA793816,Mélanie,Thomin,PO845419,Socialistes et apparentés,SOC,302,308,98.1,2026-05-31T18:39:03.755143+00:00
PA793298,Lionel,Tivoli,PO845401,Rassemblement National,RN,449,453,99.1,2026-05-31T18:39:03.755143+00:00
PA842299,Emmanuel,Tjibaou,PO845514,Gauche Démocrate et Républicaine,GDR,71,77,92.2,2026-05-31T18:39:03.755143+00:00
PA840067,Gabriel,Tomatis,,,,,,,
PA840781,Romain,Tonussi,PO845401,Rassemblement National,RN,415,417,99.5,2026-05-31T18:39:03.755143+00:00
PA607395,Stéphane,Travert,PO845407,Ensemble pour la République,EPR,208,216,96.3,2026-05-31T18:39:03.755143+00:00
PA840685,Vincent,Trébuchet,PO872880,Union des droites pour la République,UDDPLR,269,276,97.5,2026-05-31T18:39:03.755143+00:00
PA793334,Cyril,Tribuiani,,,,,,,
PA795164,Aurélie,Trouvé,PO845413,La France insoumise - Nouveau Front Populaire,LFI-NFP,293,295,99.3,2026-05-31T18:39:03.755143+00:00
PA842121,Nicolas,Tryzna,PO845425,Droite Républicaine,DR,230,240,95.8,2026-05-31T18:39:03.755143+00:00
PA722162,Nicolas,Turquois,PO845454,Les Démocrates,DEM,415,434,95.6,2026-05-31T18:39:03.755143+00:00
PA878242,Antoine,Valentin,PO872880,Union des droites pour la République,UDDPLR,49,49,100.0,2026-05-31T18:39:03.755143+00:00
PA719930,Boris,Vallaud,PO845419,Socialistes et apparentés,SOC,378,390,96.9,2026-05-31T18:39:03.755143+00:00
PA795350,Frédéric,Valletoux,PO845470,Horizons & Indépendants,HOR,544,642,84.7,2026-05-31T18:39:03.755143+00:00
PA795596,Paul,Vannier,PO845413,La France insoumise - Nouveau Front Populaire,LFI-NFP,300,301,99.7,2026-05-31T18:39:03.755143+00:00
PA794118,Antoine,Vermorel-Marques,PO845425,Droite Républicaine,DR,133,138,96.4,2026-05-31T18:39:03.755143+00:00
PA840809,Gérault,Verny,PO872880,Union des droites pour la République,UDDPLR,90,92,97.8,2026-05-31T18:39:03.755143+00:00
PA794494,Roger,Vicot,PO845419,Socialistes et apparentés,SOC,243,246,98.8,2026-05-31T18:39:03.755143+00:00
PA722102,Annie,Vidal,PO845407,Ensemble pour la République,EPR,444,597,74.4,2026-05-31T18:39:03.755143+00:00
PA607090,Jean-Pierre,Vigier,PO845425,Droite Républicaine,DR,254,274,92.7,2026-05-31T18:39:03.755143+00:00
PA331582,Philippe,Vigier,PO845454,Les Démocrates,DEM,426,461,92.4,2026-05-31T18:39:03.755143+00:00
PA719512,Corinne,Vignon,PO845407,Ensemble pour la République,EPR,524,533,98.3,2026-05-31T18:39:03.755143+00:00
PA794946,Antoine,Villedieu,PO845401,Rassemblement National,RN,645,654,98.6,2026-05-31T18:39:03.755143+00:00
PA795026,Anne-Cécile,Violland,PO845470,Horizons & Indépendants,HOR,251,275,91.3,2026-05-31T18:39:03.755143+00:00
PA721474,Stéphane,Viry,PO845485,"Libertés, Indépendants, Outre-mer et Territoires",LIOT,123,132,93.2,2026-05-31T18:39:03.755143+00:00
PA841575,Frédéric-Pierre,Vos,PO845401,Rassemblement National,RN,217,220,98.6,2026-05-31T18:39:03.755143+00:00
PA2940,Dominique,Voynet,PO845439,Écologiste et Social,ECOS,408,435,93.8,2026-05-31T18:39:03.755143+00:00
PA793194,Lionel,Vuibert,GP_NI,Non inscrit,NI,439,481,91.3,2026-05-31T18:39:03.755143+00:00
PA2952,Jean-Luc,Warsmann,PO845485,"Libertés, Indépendants, Outre-mer et Territoires",LIOT,91,109,83.5,2026-05-31T18:39:03.755143+00:00
PA267285,Laurent,Wauquiez,PO845425,Droite Républicaine,DR,160,162,98.8,2026-05-31T18:39:03.755143+00:00
PA841479,Frédéric,Weber,PO845401,Rassemblement National,RN,528,531,99.4,2026-05-31T18:39:03.755143+00:00
PA795326,Christopher,Weissberg,PO845407,Ensemble pour la République,EPR,69,71,97.2,2026-05-31T18:39:03.755143+00:00
PA720992,Jiovanny,William,PO845419,Socialistes et apparentés,SOC,80,82,97.6,2026-05-31T18:39:03.755143+00:00
PA795046,Caroline,Yadan,PO845407,Ensemble pour la République,EPR,211,212,99.5,2026-05-31T18:39:03.755143+00:00
PA796078,Estelle,Youssouffa,PO845485,"Libertés, Indépendants, Outre-mer et Territoires",LIOT,61,64,95.3,2026-05-31T18:39:03.755143+00:00
PA794598,Laurent,Jacobelli,PO845401,Rassemblement National,RN,335,338,99.1,2026-05-31T18:39:03.755143+00:00
